split,method,metric,mean,ci95,seeds,episodes_per_seed
seen_clean,language_prior_policy,action_success,0.78125,0.04140,10,48
seen_clean,language_prior_policy,damage,0.13542,0.03235,10,48
seen_clean,language_prior_policy,slip_or_drop,0.07917,0.02568,10,48
seen_clean,language_prior_policy,param_error,0.17711,0.00714,10,48
seen_clean,language_prior_policy,probe_count,0.00000,0.00000,10,48
seen_clean,language_prior_policy,probe_cost,0.00000,0.00000,10,48
seen_clean,language_prior_policy,fact_accuracy,0.98889,0.00615,10,48
seen_clean,language_prior_policy,debt_calibration_error,0.35893,0.01492,10,48
seen_clean,language_prior_policy,false_safe_confidence,0.12917,0.02842,10,48
seen_clean,language_prior_policy,abstain_rate,0.00000,0.00000,10,48
seen_clean,language_prior_policy,tail_param_error,0.26336,0.01540,10,48
seen_clean,vision_language_policy,action_success,0.86458,0.03457,10,48
seen_clean,vision_language_policy,damage,0.07291,0.03348,10,48
seen_clean,vision_language_policy,slip_or_drop,0.05625,0.01727,10,48
seen_clean,vision_language_policy,param_error,0.15274,0.00443,10,48
seen_clean,vision_language_policy,probe_count,0.00000,0.00000,10,48
seen_clean,vision_language_policy,probe_cost,0.00000,0.00000,10,48
seen_clean,vision_language_policy,fact_accuracy,0.96597,0.00823,10,48
seen_clean,vision_language_policy,debt_calibration_error,0.34978,0.01248,10,48
seen_clean,vision_language_policy,false_safe_confidence,0.06875,0.02985,10,48
seen_clean,vision_language_policy,abstain_rate,0.00000,0.00000,10,48
seen_clean,vision_language_policy,tail_param_error,0.22987,0.01375,10,48
seen_clean,uncertainty_threshold_policy,action_success,0.78750,0.03539,10,48
seen_clean,uncertainty_threshold_policy,damage,0.02917,0.01516,10,48
seen_clean,uncertainty_threshold_policy,slip_or_drop,0.15000,0.03693,10,48
seen_clean,uncertainty_threshold_policy,param_error,0.18000,0.00532,10,48
seen_clean,uncertainty_threshold_policy,probe_count,0.00000,0.00000,10,48
seen_clean,uncertainty_threshold_policy,probe_cost,0.00000,0.00000,10,48
seen_clean,uncertainty_threshold_policy,fact_accuracy,0.96597,0.00823,10,48
seen_clean,uncertainty_threshold_policy,debt_calibration_error,0.34978,0.01248,10,48
seen_clean,uncertainty_threshold_policy,false_safe_confidence,0.11875,0.02439,10,48
seen_clean,uncertainty_threshold_policy,abstain_rate,0.00000,0.00000,10,48
seen_clean,uncertainty_threshold_policy,tail_param_error,0.31706,0.02294,10,48
seen_clean,passive_tactile_classifier,action_success,0.93333,0.02342,10,48
seen_clean,passive_tactile_classifier,damage,0.03125,0.01851,10,48
seen_clean,passive_tactile_classifier,slip_or_drop,0.02917,0.01248,10,48
seen_clean,passive_tactile_classifier,param_error,0.13528,0.00490,10,48
seen_clean,passive_tactile_classifier,probe_count,2.00000,0.00000,10,48
seen_clean,passive_tactile_classifier,probe_cost,0.24000,0.00000,10,48
seen_clean,passive_tactile_classifier,fact_accuracy,0.98611,0.00537,10,48
seen_clean,passive_tactile_classifier,debt_calibration_error,0.32687,0.01046,10,48
seen_clean,passive_tactile_classifier,false_safe_confidence,0.02500,0.01587,10,48
seen_clean,passive_tactile_classifier,abstain_rate,0.00000,0.00000,10,48
seen_clean,passive_tactile_classifier,tail_param_error,0.19827,0.01096,10,48
seen_clean,greedy_active_touch,action_success,0.92917,0.01516,10,48
seen_clean,greedy_active_touch,damage,0.05417,0.01247,10,48
seen_clean,greedy_active_touch,slip_or_drop,0.01667,0.00817,10,48
seen_clean,greedy_active_touch,param_error,0.11551,0.00266,10,48
seen_clean,greedy_active_touch,probe_count,2.00000,0.00000,10,48
seen_clean,greedy_active_touch,probe_cost,0.27056,0.00469,10,48
seen_clean,greedy_active_touch,fact_accuracy,0.99584,0.00222,10,48
seen_clean,greedy_active_touch,debt_calibration_error,0.31419,0.00600,10,48
seen_clean,greedy_active_touch,false_safe_confidence,0.04375,0.01546,10,48
seen_clean,greedy_active_touch,abstain_rate,0.00000,0.00000,10,48
seen_clean,greedy_active_touch,tail_param_error,0.16430,0.00559,10,48
seen_clean,strong_tactile_then_policy,action_success,0.87292,0.02753,10,48
seen_clean,strong_tactile_then_policy,damage,0.12083,0.03092,10,48
seen_clean,strong_tactile_then_policy,slip_or_drop,0.00625,0.00624,10,48
seen_clean,strong_tactile_then_policy,param_error,0.09623,0.00271,10,48
seen_clean,strong_tactile_then_policy,probe_count,6.00000,0.00000,10,48
seen_clean,strong_tactile_then_policy,probe_cost,0.79000,0.00000,10,48
seen_clean,strong_tactile_then_policy,fact_accuracy,1.00000,0.00000,10,48
seen_clean,strong_tactile_then_policy,debt_calibration_error,0.26648,0.00535,10,48
seen_clean,strong_tactile_then_policy,false_safe_confidence,0.07292,0.02377,10,48
seen_clean,strong_tactile_then_policy,abstain_rate,0.00000,0.00000,10,48
seen_clean,strong_tactile_then_policy,tail_param_error,0.14296,0.00401,10,48
seen_clean,risk_aware_touch_policy,action_success,0.92708,0.02216,10,48
seen_clean,risk_aware_touch_policy,damage,0.00833,0.00903,10,48
seen_clean,risk_aware_touch_policy,slip_or_drop,0.06458,0.02314,10,48
seen_clean,risk_aware_touch_policy,param_error,0.12970,0.00459,10,48
seen_clean,risk_aware_touch_policy,probe_count,2.00000,0.00000,10,48
seen_clean,risk_aware_touch_policy,probe_cost,0.23864,0.00272,10,48
seen_clean,risk_aware_touch_policy,fact_accuracy,0.99861,0.00181,10,48
seen_clean,risk_aware_touch_policy,debt_calibration_error,0.25737,0.00805,10,48
seen_clean,risk_aware_touch_policy,false_safe_confidence,0.05625,0.01831,10,48
seen_clean,risk_aware_touch_policy,abstain_rate,0.00000,0.00000,10,48
seen_clean,risk_aware_touch_policy,tail_param_error,0.19617,0.01389,10,48
seen_clean,budgeted_information_gain,action_success,0.90208,0.03107,10,48
seen_clean,budgeted_information_gain,damage,0.08333,0.02855,10,48
seen_clean,budgeted_information_gain,slip_or_drop,0.01458,0.01063,10,48
seen_clean,budgeted_information_gain,param_error,0.11652,0.00305,10,48
seen_clean,budgeted_information_gain,probe_count,3.00000,0.00000,10,48
seen_clean,budgeted_information_gain,probe_cost,0.35490,0.00121,10,48
seen_clean,budgeted_information_gain,fact_accuracy,1.00000,0.00000,10,48
seen_clean,budgeted_information_gain,debt_calibration_error,0.25148,0.00531,10,48
seen_clean,budgeted_information_gain,false_safe_confidence,0.07917,0.02495,10,48
seen_clean,budgeted_information_gain,abstain_rate,0.00000,0.00000,10,48
seen_clean,budgeted_information_gain,tail_param_error,0.17015,0.00546,10,48
seen_clean,calibrated_debt_threshold,action_success,0.91250,0.02842,10,48
seen_clean,calibrated_debt_threshold,damage,0.00833,0.00903,10,48
seen_clean,calibrated_debt_threshold,slip_or_drop,0.07917,0.02842,10,48
seen_clean,calibrated_debt_threshold,param_error,0.13432,0.00437,10,48
seen_clean,calibrated_debt_threshold,probe_count,1.17708,0.07560,10,48
seen_clean,calibrated_debt_threshold,probe_cost,0.13940,0.00857,10,48
seen_clean,calibrated_debt_threshold,fact_accuracy,1.00000,0.00000,10,48
seen_clean,calibrated_debt_threshold,debt_calibration_error,0.28159,0.00777,10,48
seen_clean,calibrated_debt_threshold,false_safe_confidence,0.06667,0.02709,10,48
seen_clean,calibrated_debt_threshold,abstain_rate,0.00000,0.00000,10,48
seen_clean,calibrated_debt_threshold,tail_param_error,0.19801,0.01337,10,48
seen_clean,counterfactual_material_filter,action_success,0.90417,0.02932,10,48
seen_clean,counterfactual_material_filter,damage,0.02500,0.01334,10,48
seen_clean,counterfactual_material_filter,slip_or_drop,0.07083,0.02994,10,48
seen_clean,counterfactual_material_filter,param_error,0.12995,0.00441,10,48
seen_clean,counterfactual_material_filter,probe_count,1.54167,0.07020,10,48
seen_clean,counterfactual_material_filter,probe_cost,0.18446,0.00740,10,48
seen_clean,counterfactual_material_filter,fact_accuracy,1.00000,0.00000,10,48
seen_clean,counterfactual_material_filter,debt_calibration_error,0.26175,0.00809,10,48
seen_clean,counterfactual_material_filter,false_safe_confidence,0.08125,0.03010,10,48
seen_clean,counterfactual_material_filter,abstain_rate,0.00000,0.00000,10,48
seen_clean,counterfactual_material_filter,tail_param_error,0.19280,0.01546,10,48
seen_clean,grounding_debt_planner_v5,action_success,0.93125,0.02439,10,48
seen_clean,grounding_debt_planner_v5,damage,0.00833,0.01089,10,48
seen_clean,grounding_debt_planner_v5,slip_or_drop,0.06042,0.02314,10,48
seen_clean,grounding_debt_planner_v5,param_error,0.12509,0.00424,10,48
seen_clean,grounding_debt_planner_v5,probe_count,2.86667,0.03507,10,48
seen_clean,grounding_debt_planner_v5,probe_cost,0.33813,0.00549,10,48
seen_clean,grounding_debt_planner_v5,fact_accuracy,1.00000,0.00000,10,48
seen_clean,grounding_debt_planner_v5,debt_calibration_error,0.24419,0.00552,10,48
seen_clean,grounding_debt_planner_v5,false_safe_confidence,0.05833,0.02091,10,48
seen_clean,grounding_debt_planner_v5,abstain_rate,0.00000,0.00000,10,48
seen_clean,grounding_debt_planner_v5,tail_param_error,0.19193,0.01635,10,48
seen_clean,oracle_tactile_upper_bound,action_success,1.00000,0.00000,10,48
seen_clean,oracle_tactile_upper_bound,damage,0.00000,0.00000,10,48
seen_clean,oracle_tactile_upper_bound,slip_or_drop,0.00000,0.00000,10,48
seen_clean,oracle_tactile_upper_bound,param_error,0.01263,0.00026,10,48
seen_clean,oracle_tactile_upper_bound,probe_count,0.00000,0.00000,10,48
seen_clean,oracle_tactile_upper_bound,probe_cost,0.00000,0.00000,10,48
seen_clean,oracle_tactile_upper_bound,fact_accuracy,1.00000,0.00000,10,48
seen_clean,oracle_tactile_upper_bound,debt_calibration_error,0.04000,0.00000,10,48
seen_clean,oracle_tactile_upper_bound,false_safe_confidence,0.00000,0.00000,10,48
seen_clean,oracle_tactile_upper_bound,abstain_rate,0.00000,0.00000,10,48
seen_clean,oracle_tactile_upper_bound,tail_param_error,0.01711,0.00029,10,48
language_alias_shift,language_prior_policy,action_success,0.46250,0.02970,10,48
language_alias_shift,language_prior_policy,damage,0.28542,0.04040,10,48
language_alias_shift,language_prior_policy,slip_or_drop,0.16250,0.02776,10,48
language_alias_shift,language_prior_policy,param_error,0.26612,0.00665,10,48
language_alias_shift,language_prior_policy,probe_count,0.00000,0.00000,10,48
language_alias_shift,language_prior_policy,probe_cost,0.00000,0.00000,10,48
language_alias_shift,language_prior_policy,fact_accuracy,0.77986,0.01860,10,48
language_alias_shift,language_prior_policy,debt_calibration_error,0.43963,0.01634,10,48
language_alias_shift,language_prior_policy,false_safe_confidence,0.02708,0.01368,10,48
language_alias_shift,language_prior_policy,abstain_rate,0.00000,0.00000,10,48
language_alias_shift,language_prior_policy,tail_param_error,0.39375,0.01979,10,48
language_alias_shift,vision_language_policy,action_success,0.65625,0.04725,10,48
language_alias_shift,vision_language_policy,damage,0.21042,0.03725,10,48
language_alias_shift,vision_language_policy,slip_or_drop,0.11458,0.01949,10,48
language_alias_shift,vision_language_policy,param_error,0.20333,0.00671,10,48
language_alias_shift,vision_language_policy,probe_count,0.00000,0.00000,10,48
language_alias_shift,vision_language_policy,probe_cost,0.00000,0.00000,10,48
language_alias_shift,vision_language_policy,fact_accuracy,0.90556,0.02071,10,48
language_alias_shift,vision_language_policy,debt_calibration_error,0.44886,0.01620,10,48
language_alias_shift,vision_language_policy,false_safe_confidence,0.04583,0.02261,10,48
language_alias_shift,vision_language_policy,abstain_rate,0.00000,0.00000,10,48
language_alias_shift,vision_language_policy,tail_param_error,0.29954,0.01801,10,48
language_alias_shift,uncertainty_threshold_policy,action_success,0.53333,0.02037,10,48
language_alias_shift,uncertainty_threshold_policy,damage,0.06250,0.02109,10,48
language_alias_shift,uncertainty_threshold_policy,slip_or_drop,0.26667,0.02907,10,48
language_alias_shift,uncertainty_threshold_policy,param_error,0.26023,0.00688,10,48
language_alias_shift,uncertainty_threshold_policy,probe_count,0.00000,0.00000,10,48
language_alias_shift,uncertainty_threshold_policy,probe_cost,0.00000,0.00000,10,48
language_alias_shift,uncertainty_threshold_policy,fact_accuracy,0.90556,0.02071,10,48
language_alias_shift,uncertainty_threshold_policy,debt_calibration_error,0.44886,0.01620,10,48
language_alias_shift,uncertainty_threshold_policy,false_safe_confidence,0.06250,0.02019,10,48
language_alias_shift,uncertainty_threshold_policy,abstain_rate,0.00000,0.00000,10,48
language_alias_shift,uncertainty_threshold_policy,tail_param_error,0.40272,0.01743,10,48
language_alias_shift,passive_tactile_classifier,action_success,0.78750,0.03209,10,48
language_alias_shift,passive_tactile_classifier,damage,0.11875,0.02513,10,48
language_alias_shift,passive_tactile_classifier,slip_or_drop,0.07500,0.02126,10,48
language_alias_shift,passive_tactile_classifier,param_error,0.17895,0.00438,10,48
language_alias_shift,passive_tactile_classifier,probe_count,2.00000,0.00000,10,48
language_alias_shift,passive_tactile_classifier,probe_cost,0.24000,0.00000,10,48
language_alias_shift,passive_tactile_classifier,fact_accuracy,0.95069,0.01242,10,48
language_alias_shift,passive_tactile_classifier,debt_calibration_error,0.43486,0.01504,10,48
language_alias_shift,passive_tactile_classifier,false_safe_confidence,0.02708,0.01831,10,48
language_alias_shift,passive_tactile_classifier,abstain_rate,0.00000,0.00000,10,48
language_alias_shift,passive_tactile_classifier,tail_param_error,0.26347,0.01462,10,48
language_alias_shift,greedy_active_touch,action_success,0.76875,0.03189,10,48
language_alias_shift,greedy_active_touch,damage,0.16250,0.03433,10,48
language_alias_shift,greedy_active_touch,slip_or_drop,0.06458,0.02314,10,48
language_alias_shift,greedy_active_touch,param_error,0.16109,0.00502,10,48
language_alias_shift,greedy_active_touch,probe_count,2.00000,0.00000,10,48
language_alias_shift,greedy_active_touch,probe_cost,0.26154,0.00398,10,48
language_alias_shift,greedy_active_touch,fact_accuracy,0.95972,0.01162,10,48
language_alias_shift,greedy_active_touch,debt_calibration_error,0.40076,0.01148,10,48
language_alias_shift,greedy_active_touch,false_safe_confidence,0.03333,0.01633,10,48
language_alias_shift,greedy_active_touch,abstain_rate,0.00000,0.00000,10,48
language_alias_shift,greedy_active_touch,tail_param_error,0.24294,0.01210,10,48
language_alias_shift,strong_tactile_then_policy,action_success,0.85417,0.03104,10,48
language_alias_shift,strong_tactile_then_policy,damage,0.11875,0.03604,10,48
language_alias_shift,strong_tactile_then_policy,slip_or_drop,0.02708,0.01225,10,48
language_alias_shift,strong_tactile_then_policy,param_error,0.13280,0.00363,10,48
language_alias_shift,strong_tactile_then_policy,probe_count,6.00000,0.00000,10,48
language_alias_shift,strong_tactile_then_policy,probe_cost,0.79000,0.00000,10,48
language_alias_shift,strong_tactile_then_policy,fact_accuracy,0.99445,0.00395,10,48
language_alias_shift,strong_tactile_then_policy,debt_calibration_error,0.38320,0.00666,10,48
language_alias_shift,strong_tactile_then_policy,false_safe_confidence,0.01042,0.00913,10,48
language_alias_shift,strong_tactile_then_policy,abstain_rate,0.00000,0.00000,10,48
language_alias_shift,strong_tactile_then_policy,tail_param_error,0.19439,0.00890,10,48
language_alias_shift,risk_aware_touch_policy,action_success,0.82708,0.03552,10,48
language_alias_shift,risk_aware_touch_policy,damage,0.05417,0.01846,10,48
language_alias_shift,risk_aware_touch_policy,slip_or_drop,0.11042,0.02985,10,48
language_alias_shift,risk_aware_touch_policy,param_error,0.16508,0.00524,10,48
language_alias_shift,risk_aware_touch_policy,probe_count,2.00000,0.00000,10,48
language_alias_shift,risk_aware_touch_policy,probe_cost,0.23779,0.00290,10,48
language_alias_shift,risk_aware_touch_policy,fact_accuracy,0.98611,0.00732,10,48
language_alias_shift,risk_aware_touch_policy,debt_calibration_error,0.37083,0.00616,10,48
language_alias_shift,risk_aware_touch_policy,false_safe_confidence,0.06042,0.02393,10,48
language_alias_shift,risk_aware_touch_policy,abstain_rate,0.00000,0.00000,10,48
language_alias_shift,risk_aware_touch_policy,tail_param_error,0.23977,0.01192,10,48
language_alias_shift,budgeted_information_gain,action_success,0.74583,0.05958,10,48
language_alias_shift,budgeted_information_gain,damage,0.20625,0.05109,10,48
language_alias_shift,budgeted_information_gain,slip_or_drop,0.05833,0.01906,10,48
language_alias_shift,budgeted_information_gain,param_error,0.15084,0.00409,10,48
language_alias_shift,budgeted_information_gain,probe_count,3.00000,0.00000,10,48
language_alias_shift,budgeted_information_gain,probe_cost,0.35744,0.00060,10,48
language_alias_shift,budgeted_information_gain,fact_accuracy,0.99722,0.00301,10,48
language_alias_shift,budgeted_information_gain,debt_calibration_error,0.36515,0.00773,10,48
language_alias_shift,budgeted_information_gain,false_safe_confidence,0.09375,0.03510,10,48
language_alias_shift,budgeted_information_gain,abstain_rate,0.00000,0.00000,10,48
language_alias_shift,budgeted_information_gain,tail_param_error,0.22320,0.00750,10,48
language_alias_shift,calibrated_debt_threshold,action_success,0.81042,0.04058,10,48
language_alias_shift,calibrated_debt_threshold,damage,0.06875,0.02361,10,48
language_alias_shift,calibrated_debt_threshold,slip_or_drop,0.11667,0.02868,10,48
language_alias_shift,calibrated_debt_threshold,param_error,0.16420,0.00483,10,48
language_alias_shift,calibrated_debt_threshold,probe_count,1.90208,0.02586,10,48
language_alias_shift,calibrated_debt_threshold,probe_cost,0.22319,0.00401,10,48
language_alias_shift,calibrated_debt_threshold,fact_accuracy,0.98820,0.00456,10,48
language_alias_shift,calibrated_debt_threshold,debt_calibration_error,0.37636,0.00650,10,48
language_alias_shift,calibrated_debt_threshold,false_safe_confidence,0.07292,0.02600,10,48
language_alias_shift,calibrated_debt_threshold,abstain_rate,0.00000,0.00000,10,48
language_alias_shift,calibrated_debt_threshold,tail_param_error,0.23499,0.00923,10,48
language_alias_shift,counterfactual_material_filter,action_success,0.76458,0.04795,10,48
language_alias_shift,counterfactual_material_filter,damage,0.13750,0.03454,10,48
language_alias_shift,counterfactual_material_filter,slip_or_drop,0.10833,0.02342,10,48
language_alias_shift,counterfactual_material_filter,param_error,0.15525,0.00439,10,48
language_alias_shift,counterfactual_material_filter,probe_count,2.52917,0.05279,10,48
language_alias_shift,counterfactual_material_filter,probe_cost,0.30235,0.00711,10,48
language_alias_shift,counterfactual_material_filter,fact_accuracy,0.99583,0.00363,10,48
language_alias_shift,counterfactual_material_filter,debt_calibration_error,0.34662,0.00869,10,48
language_alias_shift,counterfactual_material_filter,false_safe_confidence,0.08958,0.02439,10,48
language_alias_shift,counterfactual_material_filter,abstain_rate,0.00000,0.00000,10,48
language_alias_shift,counterfactual_material_filter,tail_param_error,0.22924,0.00851,10,48
language_alias_shift,grounding_debt_planner_v5,action_success,0.81667,0.03693,10,48
language_alias_shift,grounding_debt_planner_v5,damage,0.07500,0.02524,10,48
language_alias_shift,grounding_debt_planner_v5,slip_or_drop,0.10833,0.02709,10,48
language_alias_shift,grounding_debt_planner_v5,param_error,0.15594,0.00423,10,48
language_alias_shift,grounding_debt_planner_v5,probe_count,2.97292,0.01225,10,48
language_alias_shift,grounding_debt_planner_v5,probe_cost,0.35406,0.00193,10,48
language_alias_shift,grounding_debt_planner_v5,fact_accuracy,0.99861,0.00181,10,48
language_alias_shift,grounding_debt_planner_v5,debt_calibration_error,0.35564,0.00854,10,48
language_alias_shift,grounding_debt_planner_v5,false_safe_confidence,0.05625,0.02023,10,48
language_alias_shift,grounding_debt_planner_v5,abstain_rate,0.00000,0.00000,10,48
language_alias_shift,grounding_debt_planner_v5,tail_param_error,0.22931,0.00713,10,48
language_alias_shift,oracle_tactile_upper_bound,action_success,1.00000,0.00000,10,48
language_alias_shift,oracle_tactile_upper_bound,damage,0.00000,0.00000,10,48
language_alias_shift,oracle_tactile_upper_bound,slip_or_drop,0.00000,0.00000,10,48
language_alias_shift,oracle_tactile_upper_bound,param_error,0.01273,0.00024,10,48
language_alias_shift,oracle_tactile_upper_bound,probe_count,0.00000,0.00000,10,48
language_alias_shift,oracle_tactile_upper_bound,probe_cost,0.00000,0.00000,10,48
language_alias_shift,oracle_tactile_upper_bound,fact_accuracy,1.00000,0.00000,10,48
language_alias_shift,oracle_tactile_upper_bound,debt_calibration_error,0.04000,0.00000,10,48
language_alias_shift,oracle_tactile_upper_bound,false_safe_confidence,0.00000,0.00000,10,48
language_alias_shift,oracle_tactile_upper_bound,abstain_rate,0.00000,0.00000,10,48
language_alias_shift,oracle_tactile_upper_bound,tail_param_error,0.01713,0.00051,10,48
visual_counterfactual,language_prior_policy,action_success,0.68542,0.04012,10,48
visual_counterfactual,language_prior_policy,damage,0.16458,0.03774,10,48
visual_counterfactual,language_prior_policy,slip_or_drop,0.12917,0.02842,10,48
visual_counterfactual,language_prior_policy,param_error,0.20420,0.00538,10,48
visual_counterfactual,language_prior_policy,probe_count,0.00000,0.00000,10,48
visual_counterfactual,language_prior_policy,probe_cost,0.00000,0.00000,10,48
visual_counterfactual,language_prior_policy,fact_accuracy,0.93472,0.01151,10,48
visual_counterfactual,language_prior_policy,debt_calibration_error,0.38245,0.01593,10,48
visual_counterfactual,language_prior_policy,false_safe_confidence,0.08750,0.02420,10,48
visual_counterfactual,language_prior_policy,abstain_rate,0.00000,0.00000,10,48
visual_counterfactual,language_prior_policy,tail_param_error,0.30197,0.01423,10,48
visual_counterfactual,vision_language_policy,action_success,0.49583,0.04465,10,48
visual_counterfactual,vision_language_policy,damage,0.25416,0.04252,10,48
visual_counterfactual,vision_language_policy,slip_or_drop,0.17708,0.04646,10,48
visual_counterfactual,vision_language_policy,param_error,0.25451,0.00781,10,48
visual_counterfactual,vision_language_policy,probe_count,0.00000,0.00000,10,48
visual_counterfactual,vision_language_policy,probe_cost,0.00000,0.00000,10,48
visual_counterfactual,vision_language_policy,fact_accuracy,0.72361,0.02483,10,48
visual_counterfactual,vision_language_policy,debt_calibration_error,0.38189,0.02473,10,48
visual_counterfactual,vision_language_policy,false_safe_confidence,0.03125,0.01522,10,48
visual_counterfactual,vision_language_policy,abstain_rate,0.00000,0.00000,10,48
visual_counterfactual,vision_language_policy,tail_param_error,0.38237,0.01420,10,48
visual_counterfactual,uncertainty_threshold_policy,action_success,0.40417,0.05485,10,48
visual_counterfactual,uncertainty_threshold_policy,damage,0.10833,0.03486,10,48
visual_counterfactual,uncertainty_threshold_policy,slip_or_drop,0.31250,0.05020,10,48
visual_counterfactual,uncertainty_threshold_policy,param_error,0.30461,0.01170,10,48
visual_counterfactual,uncertainty_threshold_policy,probe_count,0.00000,0.00000,10,48
visual_counterfactual,uncertainty_threshold_policy,probe_cost,0.00000,0.00000,10,48
visual_counterfactual,uncertainty_threshold_policy,fact_accuracy,0.72361,0.02483,10,48
visual_counterfactual,uncertainty_threshold_policy,debt_calibration_error,0.38189,0.02473,10,48
visual_counterfactual,uncertainty_threshold_policy,false_safe_confidence,0.04167,0.02019,10,48
visual_counterfactual,uncertainty_threshold_policy,abstain_rate,0.00000,0.00000,10,48
visual_counterfactual,uncertainty_threshold_policy,tail_param_error,0.46930,0.02563,10,48
visual_counterfactual,passive_tactile_classifier,action_success,0.66458,0.03414,10,48
visual_counterfactual,passive_tactile_classifier,damage,0.16250,0.02907,10,48
visual_counterfactual,passive_tactile_classifier,slip_or_drop,0.12083,0.03031,10,48
visual_counterfactual,passive_tactile_classifier,param_error,0.21364,0.00727,10,48
visual_counterfactual,passive_tactile_classifier,probe_count,2.00000,0.00000,10,48
visual_counterfactual,passive_tactile_classifier,probe_cost,0.24000,0.00000,10,48
visual_counterfactual,passive_tactile_classifier,fact_accuracy,0.85903,0.01377,10,48
visual_counterfactual,passive_tactile_classifier,debt_calibration_error,0.41554,0.01076,10,48
visual_counterfactual,passive_tactile_classifier,false_safe_confidence,0.00625,0.00624,10,48
visual_counterfactual,passive_tactile_classifier,abstain_rate,0.00000,0.00000,10,48
visual_counterfactual,passive_tactile_classifier,tail_param_error,0.32199,0.01233,10,48
visual_counterfactual,greedy_active_touch,action_success,0.62708,0.05145,10,48
visual_counterfactual,greedy_active_touch,damage,0.20417,0.02261,10,48
visual_counterfactual,greedy_active_touch,slip_or_drop,0.12917,0.04707,10,48
visual_counterfactual,greedy_active_touch,param_error,0.20384,0.01000,10,48
visual_counterfactual,greedy_active_touch,probe_count,2.00000,0.00000,10,48
visual_counterfactual,greedy_active_touch,probe_cost,0.26058,0.00235,10,48
visual_counterfactual,greedy_active_touch,fact_accuracy,0.85833,0.02159,10,48
visual_counterfactual,greedy_active_touch,debt_calibration_error,0.35728,0.01910,10,48
visual_counterfactual,greedy_active_touch,false_safe_confidence,0.02500,0.01334,10,48
visual_counterfactual,greedy_active_touch,abstain_rate,0.00000,0.00000,10,48
visual_counterfactual,greedy_active_touch,tail_param_error,0.32471,0.01830,10,48
visual_counterfactual,strong_tactile_then_policy,action_success,0.79167,0.03334,10,48
visual_counterfactual,strong_tactile_then_policy,damage,0.14375,0.03131,10,48
visual_counterfactual,strong_tactile_then_policy,slip_or_drop,0.05833,0.02261,10,48
visual_counterfactual,strong_tactile_then_policy,param_error,0.15150,0.00555,10,48
visual_counterfactual,strong_tactile_then_policy,probe_count,6.00000,0.00000,10,48
visual_counterfactual,strong_tactile_then_policy,probe_cost,0.79000,0.00000,10,48
visual_counterfactual,strong_tactile_then_policy,fact_accuracy,0.98403,0.00576,10,48
visual_counterfactual,strong_tactile_then_policy,debt_calibration_error,0.42733,0.01169,10,48
visual_counterfactual,strong_tactile_then_policy,false_safe_confidence,0.00000,0.00000,10,48
visual_counterfactual,strong_tactile_then_policy,abstain_rate,0.00000,0.00000,10,48
visual_counterfactual,strong_tactile_then_policy,tail_param_error,0.22878,0.00879,10,48
visual_counterfactual,risk_aware_touch_policy,action_success,0.70417,0.03210,10,48
visual_counterfactual,risk_aware_touch_policy,damage,0.08542,0.01131,10,48
visual_counterfactual,risk_aware_touch_policy,slip_or_drop,0.16875,0.04408,10,48
visual_counterfactual,risk_aware_touch_policy,param_error,0.19914,0.00759,10,48
visual_counterfactual,risk_aware_touch_policy,probe_count,2.00000,0.00000,10,48
visual_counterfactual,risk_aware_touch_policy,probe_cost,0.23764,0.00222,10,48
visual_counterfactual,risk_aware_touch_policy,fact_accuracy,0.92500,0.01373,10,48
visual_counterfactual,risk_aware_touch_policy,debt_calibration_error,0.34755,0.01590,10,48
visual_counterfactual,risk_aware_touch_policy,false_safe_confidence,0.05208,0.02042,10,48
visual_counterfactual,risk_aware_touch_policy,abstain_rate,0.00000,0.00000,10,48
visual_counterfactual,risk_aware_touch_policy,tail_param_error,0.32183,0.01590,10,48
visual_counterfactual,budgeted_information_gain,action_success,0.69167,0.03591,10,48
visual_counterfactual,budgeted_information_gain,damage,0.23125,0.02393,10,48
visual_counterfactual,budgeted_information_gain,slip_or_drop,0.08541,0.03010,10,48
visual_counterfactual,budgeted_information_gain,param_error,0.16650,0.00566,10,48
visual_counterfactual,budgeted_information_gain,probe_count,3.00000,0.00000,10,48
visual_counterfactual,budgeted_information_gain,probe_cost,0.35650,0.00168,10,48
visual_counterfactual,budgeted_information_gain,fact_accuracy,0.99097,0.00291,10,48
visual_counterfactual,budgeted_information_gain,debt_calibration_error,0.39684,0.01271,10,48
visual_counterfactual,budgeted_information_gain,false_safe_confidence,0.04375,0.00733,10,48
visual_counterfactual,budgeted_information_gain,abstain_rate,0.00000,0.00000,10,48
visual_counterfactual,budgeted_information_gain,tail_param_error,0.25262,0.00983,10,48
visual_counterfactual,calibrated_debt_threshold,action_success,0.74375,0.02793,10,48
visual_counterfactual,calibrated_debt_threshold,damage,0.06875,0.01930,10,48
visual_counterfactual,calibrated_debt_threshold,slip_or_drop,0.15833,0.03860,10,48
visual_counterfactual,calibrated_debt_threshold,param_error,0.19241,0.00641,10,48
visual_counterfactual,calibrated_debt_threshold,probe_count,1.95833,0.01218,10,48
visual_counterfactual,calibrated_debt_threshold,probe_cost,0.23204,0.00357,10,48
visual_counterfactual,calibrated_debt_threshold,fact_accuracy,0.94444,0.00861,10,48
visual_counterfactual,calibrated_debt_threshold,debt_calibration_error,0.38678,0.01459,10,48
visual_counterfactual,calibrated_debt_threshold,false_safe_confidence,0.03750,0.01466,10,48
visual_counterfactual,calibrated_debt_threshold,abstain_rate,0.00000,0.00000,10,48
visual_counterfactual,calibrated_debt_threshold,tail_param_error,0.29240,0.01540,10,48
visual_counterfactual,counterfactual_material_filter,action_success,0.72083,0.03116,10,48
visual_counterfactual,counterfactual_material_filter,damage,0.13542,0.02298,10,48
visual_counterfactual,counterfactual_material_filter,slip_or_drop,0.13333,0.03713,10,48
visual_counterfactual,counterfactual_material_filter,param_error,0.17403,0.00672,10,48
visual_counterfactual,counterfactual_material_filter,probe_count,2.57917,0.04938,10,48
visual_counterfactual,counterfactual_material_filter,probe_cost,0.30702,0.00689,10,48
visual_counterfactual,counterfactual_material_filter,fact_accuracy,0.98681,0.00377,10,48
visual_counterfactual,counterfactual_material_filter,debt_calibration_error,0.36973,0.01359,10,48
visual_counterfactual,counterfactual_material_filter,false_safe_confidence,0.05625,0.01831,10,48
visual_counterfactual,counterfactual_material_filter,abstain_rate,0.00000,0.00000,10,48
visual_counterfactual,counterfactual_material_filter,tail_param_error,0.25854,0.01310,10,48
visual_counterfactual,grounding_debt_planner_v5,action_success,0.79583,0.03742,10,48
visual_counterfactual,grounding_debt_planner_v5,damage,0.05625,0.01497,10,48
visual_counterfactual,grounding_debt_planner_v5,slip_or_drop,0.13333,0.03662,10,48
visual_counterfactual,grounding_debt_planner_v5,param_error,0.17209,0.00664,10,48
visual_counterfactual,grounding_debt_planner_v5,probe_count,2.93750,0.01491,10,48
visual_counterfactual,grounding_debt_planner_v5,probe_cost,0.34902,0.00238,10,48
visual_counterfactual,grounding_debt_planner_v5,fact_accuracy,0.99375,0.00318,10,48
visual_counterfactual,grounding_debt_planner_v5,debt_calibration_error,0.38444,0.01304,10,48
visual_counterfactual,grounding_debt_planner_v5,false_safe_confidence,0.02917,0.01516,10,48
visual_counterfactual,grounding_debt_planner_v5,abstain_rate,0.00000,0.00000,10,48
visual_counterfactual,grounding_debt_planner_v5,tail_param_error,0.25580,0.01321,10,48
visual_counterfactual,oracle_tactile_upper_bound,action_success,1.00000,0.00000,10,48
visual_counterfactual,oracle_tactile_upper_bound,damage,0.00000,0.00000,10,48
visual_counterfactual,oracle_tactile_upper_bound,slip_or_drop,0.00000,0.00000,10,48
visual_counterfactual,oracle_tactile_upper_bound,param_error,0.01273,0.00026,10,48
visual_counterfactual,oracle_tactile_upper_bound,probe_count,0.00000,0.00000,10,48
visual_counterfactual,oracle_tactile_upper_bound,probe_cost,0.00000,0.00000,10,48
visual_counterfactual,oracle_tactile_upper_bound,fact_accuracy,1.00000,0.00000,10,48
visual_counterfactual,oracle_tactile_upper_bound,debt_calibration_error,0.04000,0.00000,10,48
visual_counterfactual,oracle_tactile_upper_bound,false_safe_confidence,0.00000,0.00000,10,48
visual_counterfactual,oracle_tactile_upper_bound,abstain_rate,0.00000,0.00000,10,48
visual_counterfactual,oracle_tactile_upper_bound,tail_param_error,0.01699,0.00031,10,48
tactile_necessary_ambiguity,language_prior_policy,action_success,0.55417,0.05348,10,48
tactile_necessary_ambiguity,language_prior_policy,damage,0.24792,0.05660,10,48
tactile_necessary_ambiguity,language_prior_policy,slip_or_drop,0.16458,0.03871,10,48
tactile_necessary_ambiguity,language_prior_policy,param_error,0.24088,0.00820,10,48
tactile_necessary_ambiguity,language_prior_policy,probe_count,0.00000,0.00000,10,48
tactile_necessary_ambiguity,language_prior_policy,probe_cost,0.00000,0.00000,10,48
tactile_necessary_ambiguity,language_prior_policy,fact_accuracy,0.88750,0.02788,10,48
tactile_necessary_ambiguity,language_prior_policy,debt_calibration_error,0.48458,0.01804,10,48
tactile_necessary_ambiguity,language_prior_policy,false_safe_confidence,0.03958,0.01661,10,48
tactile_necessary_ambiguity,language_prior_policy,abstain_rate,0.00000,0.00000,10,48
tactile_necessary_ambiguity,language_prior_policy,tail_param_error,0.34673,0.01403,10,48
tactile_necessary_ambiguity,vision_language_policy,action_success,0.58125,0.05692,10,48
tactile_necessary_ambiguity,vision_language_policy,damage,0.22292,0.06501,10,48
tactile_necessary_ambiguity,vision_language_policy,slip_or_drop,0.15417,0.03762,10,48
tactile_necessary_ambiguity,vision_language_policy,param_error,0.23063,0.00855,10,48
tactile_necessary_ambiguity,vision_language_policy,probe_count,0.00000,0.00000,10,48
tactile_necessary_ambiguity,vision_language_policy,probe_cost,0.00000,0.00000,10,48
tactile_necessary_ambiguity,vision_language_policy,fact_accuracy,0.82222,0.01548,10,48
tactile_necessary_ambiguity,vision_language_policy,debt_calibration_error,0.40028,0.01588,10,48
tactile_necessary_ambiguity,vision_language_policy,false_safe_confidence,0.04375,0.02314,10,48
tactile_necessary_ambiguity,vision_language_policy,abstain_rate,0.00000,0.00000,10,48
tactile_necessary_ambiguity,vision_language_policy,tail_param_error,0.33821,0.01283,10,48
tactile_necessary_ambiguity,uncertainty_threshold_policy,action_success,0.44166,0.03433,10,48
tactile_necessary_ambiguity,uncertainty_threshold_policy,damage,0.08750,0.02776,10,48
tactile_necessary_ambiguity,uncertainty_threshold_policy,slip_or_drop,0.33750,0.03743,10,48
tactile_necessary_ambiguity,uncertainty_threshold_policy,param_error,0.28267,0.00988,10,48
tactile_necessary_ambiguity,uncertainty_threshold_policy,probe_count,0.00000,0.00000,10,48
tactile_necessary_ambiguity,uncertainty_threshold_policy,probe_cost,0.00000,0.00000,10,48
tactile_necessary_ambiguity,uncertainty_threshold_policy,fact_accuracy,0.82222,0.01548,10,48
tactile_necessary_ambiguity,uncertainty_threshold_policy,debt_calibration_error,0.40028,0.01588,10,48
tactile_necessary_ambiguity,uncertainty_threshold_policy,false_safe_confidence,0.05833,0.03209,10,48
tactile_necessary_ambiguity,uncertainty_threshold_policy,abstain_rate,0.00000,0.00000,10,48
tactile_necessary_ambiguity,uncertainty_threshold_policy,tail_param_error,0.44599,0.02002,10,48
tactile_necessary_ambiguity,passive_tactile_classifier,action_success,0.66458,0.04810,10,48
tactile_necessary_ambiguity,passive_tactile_classifier,damage,0.20000,0.05064,10,48
tactile_necessary_ambiguity,passive_tactile_classifier,slip_or_drop,0.10833,0.03209,10,48
tactile_necessary_ambiguity,passive_tactile_classifier,param_error,0.20823,0.00896,10,48
tactile_necessary_ambiguity,passive_tactile_classifier,probe_count,2.00000,0.00000,10,48
tactile_necessary_ambiguity,passive_tactile_classifier,probe_cost,0.24000,0.00000,10,48
tactile_necessary_ambiguity,passive_tactile_classifier,fact_accuracy,0.89722,0.02037,10,48
tactile_necessary_ambiguity,passive_tactile_classifier,debt_calibration_error,0.43530,0.01838,10,48
tactile_necessary_ambiguity,passive_tactile_classifier,false_safe_confidence,0.01458,0.00872,10,48
tactile_necessary_ambiguity,passive_tactile_classifier,abstain_rate,0.00000,0.00000,10,48
tactile_necessary_ambiguity,passive_tactile_classifier,tail_param_error,0.30420,0.01369,10,48
tactile_necessary_ambiguity,greedy_active_touch,action_success,0.59792,0.04872,10,48
tactile_necessary_ambiguity,greedy_active_touch,damage,0.28333,0.05417,10,48
tactile_necessary_ambiguity,greedy_active_touch,slip_or_drop,0.10208,0.03189,10,48
tactile_necessary_ambiguity,greedy_active_touch,param_error,0.18801,0.00605,10,48
tactile_necessary_ambiguity,greedy_active_touch,probe_count,2.00000,0.00000,10,48
tactile_necessary_ambiguity,greedy_active_touch,probe_cost,0.26550,0.00223,10,48
tactile_necessary_ambiguity,greedy_active_touch,fact_accuracy,0.91111,0.01108,10,48
tactile_necessary_ambiguity,greedy_active_touch,debt_calibration_error,0.39493,0.01429,10,48
tactile_necessary_ambiguity,greedy_active_touch,false_safe_confidence,0.04375,0.02148,10,48
tactile_necessary_ambiguity,greedy_active_touch,abstain_rate,0.00000,0.00000,10,48
tactile_necessary_ambiguity,greedy_active_touch,tail_param_error,0.29069,0.02180,10,48
tactile_necessary_ambiguity,strong_tactile_then_policy,action_success,0.51875,0.05426,10,48
tactile_necessary_ambiguity,strong_tactile_then_policy,damage,0.40625,0.05620,10,48
tactile_necessary_ambiguity,strong_tactile_then_policy,slip_or_drop,0.07708,0.02023,10,48
tactile_necessary_ambiguity,strong_tactile_then_policy,param_error,0.17233,0.00696,10,48
tactile_necessary_ambiguity,strong_tactile_then_policy,probe_count,6.00000,0.00000,10,48
tactile_necessary_ambiguity,strong_tactile_then_policy,probe_cost,0.79000,0.00000,10,48
tactile_necessary_ambiguity,strong_tactile_then_policy,fact_accuracy,0.96597,0.01003,10,48
tactile_necessary_ambiguity,strong_tactile_then_policy,debt_calibration_error,0.44662,0.01131,10,48
tactile_necessary_ambiguity,strong_tactile_then_policy,false_safe_confidence,0.00417,0.00544,10,48
tactile_necessary_ambiguity,strong_tactile_then_policy,abstain_rate,0.00000,0.00000,10,48
tactile_necessary_ambiguity,strong_tactile_then_policy,tail_param_error,0.24712,0.00740,10,48
tactile_necessary_ambiguity,risk_aware_touch_policy,action_success,0.77917,0.05208,10,48
tactile_necessary_ambiguity,risk_aware_touch_policy,damage,0.08750,0.03378,10,48
tactile_necessary_ambiguity,risk_aware_touch_policy,slip_or_drop,0.12292,0.03359,10,48
tactile_necessary_ambiguity,risk_aware_touch_policy,param_error,0.18763,0.00803,10,48
tactile_necessary_ambiguity,risk_aware_touch_policy,probe_count,2.00000,0.00000,10,48
tactile_necessary_ambiguity,risk_aware_touch_policy,probe_cost,0.23548,0.00235,10,48
tactile_necessary_ambiguity,risk_aware_touch_policy,fact_accuracy,0.94722,0.01187,10,48
tactile_necessary_ambiguity,risk_aware_touch_policy,debt_calibration_error,0.40242,0.01000,10,48
tactile_necessary_ambiguity,risk_aware_touch_policy,false_safe_confidence,0.04167,0.01054,10,48
tactile_necessary_ambiguity,risk_aware_touch_policy,abstain_rate,0.00000,0.00000,10,48
tactile_necessary_ambiguity,risk_aware_touch_policy,tail_param_error,0.27549,0.01761,10,48
tactile_necessary_ambiguity,budgeted_information_gain,action_success,0.58333,0.03334,10,48
tactile_necessary_ambiguity,budgeted_information_gain,damage,0.34375,0.03910,10,48
tactile_necessary_ambiguity,budgeted_information_gain,slip_or_drop,0.07500,0.02126,10,48
tactile_necessary_ambiguity,budgeted_information_gain,param_error,0.17867,0.00835,10,48
tactile_necessary_ambiguity,budgeted_information_gain,probe_count,3.00000,0.00000,10,48
tactile_necessary_ambiguity,budgeted_information_gain,probe_cost,0.35727,0.00084,10,48
tactile_necessary_ambiguity,budgeted_information_gain,fact_accuracy,0.96111,0.01287,10,48
tactile_necessary_ambiguity,budgeted_information_gain,debt_calibration_error,0.42529,0.01540,10,48
tactile_necessary_ambiguity,budgeted_information_gain,false_safe_confidence,0.07083,0.02373,10,48
tactile_necessary_ambiguity,budgeted_information_gain,abstain_rate,0.00000,0.00000,10,48
tactile_necessary_ambiguity,budgeted_information_gain,tail_param_error,0.25964,0.01178,10,48
tactile_necessary_ambiguity,calibrated_debt_threshold,action_success,0.76042,0.05029,10,48
tactile_necessary_ambiguity,calibrated_debt_threshold,damage,0.09792,0.03337,10,48
tactile_necessary_ambiguity,calibrated_debt_threshold,slip_or_drop,0.12917,0.03323,10,48
tactile_necessary_ambiguity,calibrated_debt_threshold,param_error,0.18681,0.00709,10,48
tactile_necessary_ambiguity,calibrated_debt_threshold,probe_count,1.96458,0.02282,10,48
tactile_necessary_ambiguity,calibrated_debt_threshold,probe_cost,0.22604,0.00405,10,48
tactile_necessary_ambiguity,calibrated_debt_threshold,fact_accuracy,0.95000,0.01214,10,48
tactile_necessary_ambiguity,calibrated_debt_threshold,debt_calibration_error,0.41448,0.01307,10,48
tactile_necessary_ambiguity,calibrated_debt_threshold,false_safe_confidence,0.04167,0.01361,10,48
tactile_necessary_ambiguity,calibrated_debt_threshold,abstain_rate,0.00000,0.00000,10,48
tactile_necessary_ambiguity,calibrated_debt_threshold,tail_param_error,0.27944,0.01306,10,48
tactile_necessary_ambiguity,counterfactual_material_filter,action_success,0.68333,0.04381,10,48
tactile_necessary_ambiguity,counterfactual_material_filter,damage,0.20208,0.04678,10,48
tactile_necessary_ambiguity,counterfactual_material_filter,slip_or_drop,0.12292,0.03010,10,48
tactile_necessary_ambiguity,counterfactual_material_filter,param_error,0.18100,0.00754,10,48
tactile_necessary_ambiguity,counterfactual_material_filter,probe_count,2.50000,0.08500,10,48
tactile_necessary_ambiguity,counterfactual_material_filter,probe_cost,0.29677,0.01069,10,48
tactile_necessary_ambiguity,counterfactual_material_filter,fact_accuracy,0.95972,0.01089,10,48
tactile_necessary_ambiguity,counterfactual_material_filter,debt_calibration_error,0.40210,0.01464,10,48
tactile_necessary_ambiguity,counterfactual_material_filter,false_safe_confidence,0.05417,0.01944,10,48
tactile_necessary_ambiguity,counterfactual_material_filter,abstain_rate,0.00000,0.00000,10,48
tactile_necessary_ambiguity,counterfactual_material_filter,tail_param_error,0.26077,0.01043,10,48
tactile_necessary_ambiguity,grounding_debt_planner_v5,action_success,0.76667,0.04252,10,48
tactile_necessary_ambiguity,grounding_debt_planner_v5,damage,0.10208,0.03131,10,48
tactile_necessary_ambiguity,grounding_debt_planner_v5,slip_or_drop,0.12500,0.02789,10,48
tactile_necessary_ambiguity,grounding_debt_planner_v5,param_error,0.18284,0.00821,10,48
tactile_necessary_ambiguity,grounding_debt_planner_v5,probe_count,2.91250,0.02178,10,48
tactile_necessary_ambiguity,grounding_debt_planner_v5,probe_cost,0.34450,0.00357,10,48
tactile_necessary_ambiguity,grounding_debt_planner_v5,fact_accuracy,0.95972,0.01089,10,48
tactile_necessary_ambiguity,grounding_debt_planner_v5,debt_calibration_error,0.42083,0.01363,10,48
tactile_necessary_ambiguity,grounding_debt_planner_v5,false_safe_confidence,0.03542,0.02023,10,48
tactile_necessary_ambiguity,grounding_debt_planner_v5,abstain_rate,0.00000,0.00000,10,48
tactile_necessary_ambiguity,grounding_debt_planner_v5,tail_param_error,0.26410,0.00981,10,48
tactile_necessary_ambiguity,oracle_tactile_upper_bound,action_success,1.00000,0.00000,10,48
tactile_necessary_ambiguity,oracle_tactile_upper_bound,damage,0.00000,0.00000,10,48
tactile_necessary_ambiguity,oracle_tactile_upper_bound,slip_or_drop,0.00000,0.00000,10,48
tactile_necessary_ambiguity,oracle_tactile_upper_bound,param_error,0.01284,0.00028,10,48
tactile_necessary_ambiguity,oracle_tactile_upper_bound,probe_count,0.00000,0.00000,10,48
tactile_necessary_ambiguity,oracle_tactile_upper_bound,probe_cost,0.00000,0.00000,10,48
tactile_necessary_ambiguity,oracle_tactile_upper_bound,fact_accuracy,1.00000,0.00000,10,48
tactile_necessary_ambiguity,oracle_tactile_upper_bound,debt_calibration_error,0.04000,0.00000,10,48
tactile_necessary_ambiguity,oracle_tactile_upper_bound,false_safe_confidence,0.00000,0.00000,10,48
tactile_necessary_ambiguity,oracle_tactile_upper_bound,abstain_rate,0.00000,0.00000,10,48
tactile_necessary_ambiguity,oracle_tactile_upper_bound,tail_param_error,0.01735,0.00048,10,48
material_novelty_shift,language_prior_policy,action_success,0.63125,0.05273,10,48
material_novelty_shift,language_prior_policy,damage,0.21875,0.04725,10,48
material_novelty_shift,language_prior_policy,slip_or_drop,0.13125,0.03337,10,48
material_novelty_shift,language_prior_policy,param_error,0.21171,0.00723,10,48
material_novelty_shift,language_prior_policy,probe_count,0.00000,0.00000,10,48
material_novelty_shift,language_prior_policy,probe_cost,0.00000,0.00000,10,48
material_novelty_shift,language_prior_policy,fact_accuracy,0.95069,0.01322,10,48
material_novelty_shift,language_prior_policy,debt_calibration_error,0.44070,0.01385,10,48
material_novelty_shift,language_prior_policy,false_safe_confidence,0.07083,0.02373,10,48
material_novelty_shift,language_prior_policy,abstain_rate,0.00000,0.00000,10,48
material_novelty_shift,language_prior_policy,tail_param_error,0.31304,0.01067,10,48
material_novelty_shift,vision_language_policy,action_success,0.53125,0.04358,10,48
material_novelty_shift,vision_language_policy,damage,0.26458,0.03994,10,48
material_novelty_shift,vision_language_policy,slip_or_drop,0.17083,0.02907,10,48
material_novelty_shift,vision_language_policy,param_error,0.23616,0.00531,10,48
material_novelty_shift,vision_language_policy,probe_count,0.00000,0.00000,10,48
material_novelty_shift,vision_language_policy,probe_cost,0.00000,0.00000,10,48
material_novelty_shift,vision_language_policy,fact_accuracy,0.84167,0.01388,10,48
material_novelty_shift,vision_language_policy,debt_calibration_error,0.44110,0.01761,10,48
material_novelty_shift,vision_language_policy,false_safe_confidence,0.03333,0.01633,10,48
material_novelty_shift,vision_language_policy,abstain_rate,0.00000,0.00000,10,48
material_novelty_shift,vision_language_policy,tail_param_error,0.34420,0.00884,10,48
material_novelty_shift,uncertainty_threshold_policy,action_success,0.41250,0.02842,10,48
material_novelty_shift,uncertainty_threshold_policy,damage,0.09792,0.01831,10,48
material_novelty_shift,uncertainty_threshold_policy,slip_or_drop,0.35625,0.04810,10,48
material_novelty_shift,uncertainty_threshold_policy,param_error,0.28277,0.00755,10,48
material_novelty_shift,uncertainty_threshold_policy,probe_count,0.00000,0.00000,10,48
material_novelty_shift,uncertainty_threshold_policy,probe_cost,0.00000,0.00000,10,48
material_novelty_shift,uncertainty_threshold_policy,fact_accuracy,0.84167,0.01388,10,48
material_novelty_shift,uncertainty_threshold_policy,debt_calibration_error,0.44110,0.01761,10,48
material_novelty_shift,uncertainty_threshold_policy,false_safe_confidence,0.04375,0.01131,10,48
material_novelty_shift,uncertainty_threshold_policy,abstain_rate,0.00000,0.00000,10,48
material_novelty_shift,uncertainty_threshold_policy,tail_param_error,0.43840,0.02075,10,48
material_novelty_shift,passive_tactile_classifier,action_success,0.54583,0.04074,10,48
material_novelty_shift,passive_tactile_classifier,damage,0.25417,0.03539,10,48
material_novelty_shift,passive_tactile_classifier,slip_or_drop,0.16458,0.03189,10,48
material_novelty_shift,passive_tactile_classifier,param_error,0.22636,0.00574,10,48
material_novelty_shift,passive_tactile_classifier,probe_count,2.00000,0.00000,10,48
material_novelty_shift,passive_tactile_classifier,probe_cost,0.24000,0.00000,10,48
material_novelty_shift,passive_tactile_classifier,fact_accuracy,0.87639,0.00754,10,48
material_novelty_shift,passive_tactile_classifier,debt_calibration_error,0.45242,0.00811,10,48
material_novelty_shift,passive_tactile_classifier,false_safe_confidence,0.01042,0.00913,10,48
material_novelty_shift,passive_tactile_classifier,abstain_rate,0.00000,0.00000,10,48
material_novelty_shift,passive_tactile_classifier,tail_param_error,0.33151,0.01167,10,48
material_novelty_shift,greedy_active_touch,action_success,0.54167,0.02982,10,48
material_novelty_shift,greedy_active_touch,damage,0.30833,0.04296,10,48
material_novelty_shift,greedy_active_touch,slip_or_drop,0.13958,0.01831,10,48
material_novelty_shift,greedy_active_touch,param_error,0.21400,0.00446,10,48
material_novelty_shift,greedy_active_touch,probe_count,2.00000,0.00000,10,48
material_novelty_shift,greedy_active_touch,probe_cost,0.26188,0.00611,10,48
material_novelty_shift,greedy_active_touch,fact_accuracy,0.88056,0.01403,10,48
material_novelty_shift,greedy_active_touch,debt_calibration_error,0.41221,0.01255,10,48
material_novelty_shift,greedy_active_touch,false_safe_confidence,0.01875,0.00733,10,48
material_novelty_shift,greedy_active_touch,abstain_rate,0.00000,0.00000,10,48
material_novelty_shift,greedy_active_touch,tail_param_error,0.32588,0.00734,10,48
material_novelty_shift,strong_tactile_then_policy,action_success,0.44167,0.02907,10,48
material_novelty_shift,strong_tactile_then_policy,damage,0.40625,0.04049,10,48
material_novelty_shift,strong_tactile_then_policy,slip_or_drop,0.13958,0.02858,10,48
material_novelty_shift,strong_tactile_then_policy,param_error,0.21221,0.00521,10,48
material_novelty_shift,strong_tactile_then_policy,probe_count,6.00000,0.00000,10,48
material_novelty_shift,strong_tactile_then_policy,probe_cost,0.79000,0.00000,10,48
material_novelty_shift,strong_tactile_then_policy,fact_accuracy,0.89931,0.01365,10,48
material_novelty_shift,strong_tactile_then_policy,debt_calibration_error,0.45783,0.01572,10,48
material_novelty_shift,strong_tactile_then_policy,false_safe_confidence,0.00000,0.00000,10,48
material_novelty_shift,strong_tactile_then_policy,abstain_rate,0.00000,0.00000,10,48
material_novelty_shift,strong_tactile_then_policy,tail_param_error,0.30978,0.00574,10,48
material_novelty_shift,risk_aware_touch_policy,action_success,0.61042,0.04219,10,48
material_novelty_shift,risk_aware_touch_policy,damage,0.18125,0.04219,10,48
material_novelty_shift,risk_aware_touch_policy,slip_or_drop,0.19167,0.03792,10,48
material_novelty_shift,risk_aware_touch_policy,param_error,0.22173,0.00552,10,48
material_novelty_shift,risk_aware_touch_policy,probe_count,1.98125,0.01546,10,48
material_novelty_shift,risk_aware_touch_policy,probe_cost,0.22677,0.00254,10,48
material_novelty_shift,risk_aware_touch_policy,fact_accuracy,0.88403,0.01533,10,48
material_novelty_shift,risk_aware_touch_policy,debt_calibration_error,0.40709,0.01836,10,48
material_novelty_shift,risk_aware_touch_policy,false_safe_confidence,0.03541,0.02657,10,48
material_novelty_shift,risk_aware_touch_policy,abstain_rate,0.00000,0.00000,10,48
material_novelty_shift,risk_aware_touch_policy,tail_param_error,0.33387,0.01611,10,48
material_novelty_shift,budgeted_information_gain,action_success,0.44792,0.03510,10,48
material_novelty_shift,budgeted_information_gain,damage,0.42292,0.02793,10,48
material_novelty_shift,budgeted_information_gain,slip_or_drop,0.13542,0.02871,10,48
material_novelty_shift,budgeted_information_gain,param_error,0.21711,0.00493,10,48
material_novelty_shift,budgeted_information_gain,probe_count,3.00000,0.00000,10,48
material_novelty_shift,budgeted_information_gain,probe_cost,0.35719,0.00094,10,48
material_novelty_shift,budgeted_information_gain,fact_accuracy,0.88611,0.01452,10,48
material_novelty_shift,budgeted_information_gain,debt_calibration_error,0.43646,0.01391,10,48
material_novelty_shift,budgeted_information_gain,false_safe_confidence,0.02292,0.01546,10,48
material_novelty_shift,budgeted_information_gain,abstain_rate,0.00000,0.00000,10,48
material_novelty_shift,budgeted_information_gain,tail_param_error,0.31909,0.01135,10,48
material_novelty_shift,calibrated_debt_threshold,action_success,0.59167,0.04270,10,48
material_novelty_shift,calibrated_debt_threshold,damage,0.19375,0.03900,10,48
material_novelty_shift,calibrated_debt_threshold,slip_or_drop,0.19375,0.03852,10,48
material_novelty_shift,calibrated_debt_threshold,param_error,0.22092,0.00491,10,48
material_novelty_shift,calibrated_debt_threshold,probe_count,1.93958,0.02314,10,48
material_novelty_shift,calibrated_debt_threshold,probe_cost,0.21873,0.00372,10,48
material_novelty_shift,calibrated_debt_threshold,fact_accuracy,0.88820,0.01751,10,48
material_novelty_shift,calibrated_debt_threshold,debt_calibration_error,0.41636,0.01953,10,48
material_novelty_shift,calibrated_debt_threshold,false_safe_confidence,0.03958,0.02615,10,48
material_novelty_shift,calibrated_debt_threshold,abstain_rate,0.00000,0.00000,10,48
material_novelty_shift,calibrated_debt_threshold,tail_param_error,0.33326,0.01365,10,48
material_novelty_shift,counterfactual_material_filter,action_success,0.53125,0.03862,10,48
material_novelty_shift,counterfactual_material_filter,damage,0.28333,0.04723,10,48
material_novelty_shift,counterfactual_material_filter,slip_or_drop,0.17708,0.03957,10,48
material_novelty_shift,counterfactual_material_filter,param_error,0.21815,0.00351,10,48
material_novelty_shift,counterfactual_material_filter,probe_count,2.40625,0.05453,10,48
material_novelty_shift,counterfactual_material_filter,probe_cost,0.28169,0.00768,10,48
material_novelty_shift,counterfactual_material_filter,fact_accuracy,0.88264,0.01641,10,48
material_novelty_shift,counterfactual_material_filter,debt_calibration_error,0.39690,0.01702,10,48
material_novelty_shift,counterfactual_material_filter,false_safe_confidence,0.04167,0.02583,10,48
material_novelty_shift,counterfactual_material_filter,abstain_rate,0.00000,0.00000,10,48
material_novelty_shift,counterfactual_material_filter,tail_param_error,0.33103,0.00877,10,48
material_novelty_shift,grounding_debt_planner_v5,action_success,0.59167,0.04047,10,48
material_novelty_shift,grounding_debt_planner_v5,damage,0.20000,0.03811,10,48
material_novelty_shift,grounding_debt_planner_v5,slip_or_drop,0.18333,0.03936,10,48
material_novelty_shift,grounding_debt_planner_v5,param_error,0.22399,0.00462,10,48
material_novelty_shift,grounding_debt_planner_v5,probe_count,2.83750,0.03792,10,48
material_novelty_shift,grounding_debt_planner_v5,probe_cost,0.33250,0.00615,10,48
material_novelty_shift,grounding_debt_planner_v5,fact_accuracy,0.87708,0.01793,10,48
material_novelty_shift,grounding_debt_planner_v5,debt_calibration_error,0.42667,0.01647,10,48
material_novelty_shift,grounding_debt_planner_v5,false_safe_confidence,0.01875,0.01769,10,48
material_novelty_shift,grounding_debt_planner_v5,abstain_rate,0.00000,0.00000,10,48
material_novelty_shift,grounding_debt_planner_v5,tail_param_error,0.33691,0.00985,10,48
material_novelty_shift,oracle_tactile_upper_bound,action_success,1.00000,0.00000,10,48
material_novelty_shift,oracle_tactile_upper_bound,damage,0.00000,0.00000,10,48
material_novelty_shift,oracle_tactile_upper_bound,slip_or_drop,0.00000,0.00000,10,48
material_novelty_shift,oracle_tactile_upper_bound,param_error,0.01269,0.00048,10,48
material_novelty_shift,oracle_tactile_upper_bound,probe_count,0.00000,0.00000,10,48
material_novelty_shift,oracle_tactile_upper_bound,probe_cost,0.00000,0.00000,10,48
material_novelty_shift,oracle_tactile_upper_bound,fact_accuracy,1.00000,0.00000,10,48
material_novelty_shift,oracle_tactile_upper_bound,debt_calibration_error,0.04000,0.00000,10,48
material_novelty_shift,oracle_tactile_upper_bound,false_safe_confidence,0.00000,0.00000,10,48
material_novelty_shift,oracle_tactile_upper_bound,abstain_rate,0.00000,0.00000,10,48
material_novelty_shift,oracle_tactile_upper_bound,tail_param_error,0.01704,0.00061,10,48
safety_critical_fragility,language_prior_policy,action_success,0.56667,0.02709,10,48
safety_critical_fragility,language_prior_policy,damage,0.26458,0.03947,10,48
safety_critical_fragility,language_prior_policy,slip_or_drop,0.13333,0.03507,10,48
safety_critical_fragility,language_prior_policy,param_error,0.22228,0.00730,10,48
safety_critical_fragility,language_prior_policy,probe_count,0.00000,0.00000,10,48
safety_critical_fragility,language_prior_policy,probe_cost,0.00000,0.00000,10,48
safety_critical_fragility,language_prior_policy,fact_accuracy,0.93542,0.01093,10,48
safety_critical_fragility,language_prior_policy,debt_calibration_error,0.46874,0.01265,10,48
safety_critical_fragility,language_prior_policy,false_safe_confidence,0.06458,0.01661,10,48
safety_critical_fragility,language_prior_policy,abstain_rate,0.00000,0.00000,10,48
safety_critical_fragility,language_prior_policy,tail_param_error,0.33493,0.00857,10,48
safety_critical_fragility,vision_language_policy,action_success,0.57083,0.05172,10,48
safety_critical_fragility,vision_language_policy,damage,0.24167,0.04313,10,48
safety_critical_fragility,vision_language_policy,slip_or_drop,0.14167,0.02970,10,48
safety_critical_fragility,vision_language_policy,param_error,0.22707,0.00804,10,48
safety_critical_fragility,vision_language_policy,probe_count,0.00000,0.00000,10,48
safety_critical_fragility,vision_language_policy,probe_cost,0.00000,0.00000,10,48
safety_critical_fragility,vision_language_policy,fact_accuracy,0.81875,0.02245,10,48
safety_critical_fragility,vision_language_policy,debt_calibration_error,0.38840,0.01555,10,48
safety_critical_fragility,vision_language_policy,false_safe_confidence,0.05625,0.02282,10,48
safety_critical_fragility,vision_language_policy,abstain_rate,0.00000,0.00000,10,48
safety_critical_fragility,vision_language_policy,tail_param_error,0.33925,0.01096,10,48
safety_critical_fragility,uncertainty_threshold_policy,action_success,0.48750,0.03762,10,48
safety_critical_fragility,uncertainty_threshold_policy,damage,0.11042,0.02922,10,48
safety_critical_fragility,uncertainty_threshold_policy,slip_or_drop,0.28542,0.04872,10,48
safety_critical_fragility,uncertainty_threshold_policy,param_error,0.27042,0.00943,10,48
safety_critical_fragility,uncertainty_threshold_policy,probe_count,0.00000,0.00000,10,48
safety_critical_fragility,uncertainty_threshold_policy,probe_cost,0.00000,0.00000,10,48
safety_critical_fragility,uncertainty_threshold_policy,fact_accuracy,0.81875,0.02245,10,48
safety_critical_fragility,uncertainty_threshold_policy,debt_calibration_error,0.38840,0.01555,10,48
safety_critical_fragility,uncertainty_threshold_policy,false_safe_confidence,0.06875,0.02586,10,48
safety_critical_fragility,uncertainty_threshold_policy,abstain_rate,0.00000,0.00000,10,48
safety_critical_fragility,uncertainty_threshold_policy,tail_param_error,0.43248,0.02315,10,48
safety_critical_fragility,passive_tactile_classifier,action_success,0.61458,0.04841,10,48
safety_critical_fragility,passive_tactile_classifier,damage,0.25417,0.04588,10,48
safety_critical_fragility,passive_tactile_classifier,slip_or_drop,0.11458,0.01949,10,48
safety_critical_fragility,passive_tactile_classifier,param_error,0.20099,0.00715,10,48
safety_critical_fragility,passive_tactile_classifier,probe_count,2.00000,0.00000,10,48
safety_critical_fragility,passive_tactile_classifier,probe_cost,0.24000,0.00000,10,48
safety_critical_fragility,passive_tactile_classifier,fact_accuracy,0.89792,0.01770,10,48
safety_critical_fragility,passive_tactile_classifier,debt_calibration_error,0.43030,0.01593,10,48
safety_critical_fragility,passive_tactile_classifier,false_safe_confidence,0.02708,0.01497,10,48
safety_critical_fragility,passive_tactile_classifier,abstain_rate,0.00000,0.00000,10,48
safety_critical_fragility,passive_tactile_classifier,tail_param_error,0.29475,0.01497,10,48
safety_critical_fragility,greedy_active_touch,action_success,0.45000,0.05485,10,48
safety_critical_fragility,greedy_active_touch,damage,0.44583,0.05519,10,48
safety_critical_fragility,greedy_active_touch,slip_or_drop,0.11458,0.02671,10,48
safety_critical_fragility,greedy_active_touch,param_error,0.18742,0.00726,10,48
safety_critical_fragility,greedy_active_touch,probe_count,2.00000,0.00000,10,48
safety_critical_fragility,greedy_active_touch,probe_cost,0.26050,0.00395,10,48
safety_critical_fragility,greedy_active_touch,fact_accuracy,0.91042,0.01525,10,48
safety_critical_fragility,greedy_active_touch,debt_calibration_error,0.38065,0.01542,10,48
safety_critical_fragility,greedy_active_touch,false_safe_confidence,0.02917,0.01248,10,48
safety_critical_fragility,greedy_active_touch,abstain_rate,0.00000,0.00000,10,48
safety_critical_fragility,greedy_active_touch,tail_param_error,0.28598,0.00861,10,48
safety_critical_fragility,strong_tactile_then_policy,action_success,0.28958,0.04149,10,48
safety_critical_fragility,strong_tactile_then_policy,damage,0.64375,0.04366,10,48
safety_critical_fragility,strong_tactile_then_policy,slip_or_drop,0.08542,0.02469,10,48
safety_critical_fragility,strong_tactile_then_policy,param_error,0.17087,0.00563,10,48
safety_critical_fragility,strong_tactile_then_policy,probe_count,6.00000,0.00000,10,48
safety_critical_fragility,strong_tactile_then_policy,probe_cost,0.79000,0.00000,10,48
safety_critical_fragility,strong_tactile_then_policy,fact_accuracy,0.96875,0.00739,10,48
safety_critical_fragility,strong_tactile_then_policy,debt_calibration_error,0.44238,0.01526,10,48
safety_critical_fragility,strong_tactile_then_policy,false_safe_confidence,0.00000,0.00000,10,48
safety_critical_fragility,strong_tactile_then_policy,abstain_rate,0.00000,0.00000,10,48
safety_critical_fragility,strong_tactile_then_policy,tail_param_error,0.26392,0.01095,10,48
safety_critical_fragility,risk_aware_touch_policy,action_success,0.68542,0.04012,10,48
safety_critical_fragility,risk_aware_touch_policy,damage,0.15208,0.03852,10,48
safety_critical_fragility,risk_aware_touch_policy,slip_or_drop,0.14583,0.03601,10,48
safety_critical_fragility,risk_aware_touch_policy,param_error,0.19613,0.00737,10,48
safety_critical_fragility,risk_aware_touch_policy,probe_count,1.88333,0.02212,10,48
safety_critical_fragility,risk_aware_touch_policy,probe_cost,0.20448,0.00393,10,48
safety_critical_fragility,risk_aware_touch_policy,fact_accuracy,0.93750,0.01014,10,48
safety_critical_fragility,risk_aware_touch_policy,debt_calibration_error,0.40387,0.02171,10,48
safety_critical_fragility,risk_aware_touch_policy,false_safe_confidence,0.05208,0.01522,10,48
safety_critical_fragility,risk_aware_touch_policy,abstain_rate,0.00000,0.00000,10,48
safety_critical_fragility,risk_aware_touch_policy,tail_param_error,0.29291,0.01832,10,48
safety_critical_fragility,budgeted_information_gain,action_success,0.62917,0.03323,10,48
safety_critical_fragility,budgeted_information_gain,damage,0.25625,0.04678,10,48
safety_critical_fragility,budgeted_information_gain,slip_or_drop,0.10000,0.03031,10,48
safety_critical_fragility,budgeted_information_gain,param_error,0.19096,0.00980,10,48
safety_critical_fragility,budgeted_information_gain,probe_count,2.00000,0.00000,10,48
safety_critical_fragility,budgeted_information_gain,probe_cost,0.22117,0.00242,10,48
safety_critical_fragility,budgeted_information_gain,fact_accuracy,0.93542,0.01478,10,48
safety_critical_fragility,budgeted_information_gain,debt_calibration_error,0.39030,0.01996,10,48
safety_critical_fragility,budgeted_information_gain,false_safe_confidence,0.04792,0.01831,10,48
safety_critical_fragility,budgeted_information_gain,abstain_rate,0.00000,0.00000,10,48
safety_critical_fragility,budgeted_information_gain,tail_param_error,0.28961,0.01682,10,48
safety_critical_fragility,calibrated_debt_threshold,action_success,0.64792,0.03467,10,48
safety_critical_fragility,calibrated_debt_threshold,damage,0.18125,0.04475,10,48
safety_critical_fragility,calibrated_debt_threshold,slip_or_drop,0.14167,0.03888,10,48
safety_critical_fragility,calibrated_debt_threshold,param_error,0.20436,0.00761,10,48
safety_critical_fragility,calibrated_debt_threshold,probe_count,1.86875,0.02513,10,48
safety_critical_fragility,calibrated_debt_threshold,probe_cost,0.19836,0.00358,10,48
safety_critical_fragility,calibrated_debt_threshold,fact_accuracy,0.94722,0.00765,10,48
safety_critical_fragility,calibrated_debt_threshold,debt_calibration_error,0.42635,0.02133,10,48
safety_critical_fragility,calibrated_debt_threshold,false_safe_confidence,0.05000,0.02037,10,48
safety_critical_fragility,calibrated_debt_threshold,abstain_rate,0.01875,0.01131,10,48
safety_critical_fragility,calibrated_debt_threshold,tail_param_error,0.29133,0.01559,10,48
safety_critical_fragility,counterfactual_material_filter,action_success,0.65833,0.03454,10,48
safety_critical_fragility,counterfactual_material_filter,damage,0.19792,0.03562,10,48
safety_critical_fragility,counterfactual_material_filter,slip_or_drop,0.13542,0.03059,10,48
safety_critical_fragility,counterfactual_material_filter,param_error,0.18956,0.00427,10,48
safety_critical_fragility,counterfactual_material_filter,probe_count,1.71250,0.03210,10,48
safety_critical_fragility,counterfactual_material_filter,probe_cost,0.19104,0.00382,10,48
safety_critical_fragility,counterfactual_material_filter,fact_accuracy,0.94722,0.00679,10,48
safety_critical_fragility,counterfactual_material_filter,debt_calibration_error,0.41130,0.01264,10,48
safety_critical_fragility,counterfactual_material_filter,false_safe_confidence,0.05000,0.01633,10,48
safety_critical_fragility,counterfactual_material_filter,abstain_rate,0.00000,0.00000,10,48
safety_critical_fragility,counterfactual_material_filter,tail_param_error,0.28135,0.01221,10,48
safety_critical_fragility,grounding_debt_planner_v5,action_success,0.68333,0.04120,10,48
safety_critical_fragility,grounding_debt_planner_v5,damage,0.15417,0.03507,10,48
safety_critical_fragility,grounding_debt_planner_v5,slip_or_drop,0.15000,0.03935,10,48
safety_critical_fragility,grounding_debt_planner_v5,param_error,0.19703,0.00752,10,48
safety_critical_fragility,grounding_debt_planner_v5,probe_count,1.88750,0.02212,10,48
safety_critical_fragility,grounding_debt_planner_v5,probe_cost,0.19102,0.00333,10,48
safety_critical_fragility,grounding_debt_planner_v5,fact_accuracy,0.93333,0.00648,10,48
safety_critical_fragility,grounding_debt_planner_v5,debt_calibration_error,0.41765,0.01608,10,48
safety_critical_fragility,grounding_debt_planner_v5,false_safe_confidence,0.05000,0.01846,10,48
safety_critical_fragility,grounding_debt_planner_v5,abstain_rate,0.00000,0.00000,10,48
safety_critical_fragility,grounding_debt_planner_v5,tail_param_error,0.29163,0.01308,10,48
safety_critical_fragility,oracle_tactile_upper_bound,action_success,1.00000,0.00000,10,48
safety_critical_fragility,oracle_tactile_upper_bound,damage,0.00000,0.00000,10,48
safety_critical_fragility,oracle_tactile_upper_bound,slip_or_drop,0.00000,0.00000,10,48
safety_critical_fragility,oracle_tactile_upper_bound,param_error,0.01295,0.00033,10,48
safety_critical_fragility,oracle_tactile_upper_bound,probe_count,0.00000,0.00000,10,48
safety_critical_fragility,oracle_tactile_upper_bound,probe_cost,0.00000,0.00000,10,48
safety_critical_fragility,oracle_tactile_upper_bound,fact_accuracy,1.00000,0.00000,10,48
safety_critical_fragility,oracle_tactile_upper_bound,debt_calibration_error,0.04000,0.00000,10,48
safety_critical_fragility,oracle_tactile_upper_bound,false_safe_confidence,0.00000,0.00000,10,48
safety_critical_fragility,oracle_tactile_upper_bound,abstain_rate,0.00000,0.00000,10,48
safety_critical_fragility,oracle_tactile_upper_bound,tail_param_error,0.01751,0.00034,10,48
probe_budget_shift,language_prior_policy,action_success,0.54167,0.04715,10,48
probe_budget_shift,language_prior_policy,damage,0.27292,0.04925,10,48
probe_budget_shift,language_prior_policy,slip_or_drop,0.16458,0.03521,10,48
probe_budget_shift,language_prior_policy,param_error,0.23531,0.00574,10,48
probe_budget_shift,language_prior_policy,probe_count,0.00000,0.00000,10,48
probe_budget_shift,language_prior_policy,probe_cost,0.00000,0.00000,10,48
probe_budget_shift,language_prior_policy,fact_accuracy,0.89861,0.01959,10,48
probe_budget_shift,language_prior_policy,debt_calibration_error,0.46370,0.02087,10,48
probe_budget_shift,language_prior_policy,false_safe_confidence,0.06875,0.02023,10,48
probe_budget_shift,language_prior_policy,abstain_rate,0.00000,0.00000,10,48
probe_budget_shift,language_prior_policy,tail_param_error,0.34511,0.01217,10,48
probe_budget_shift,vision_language_policy,action_success,0.58333,0.03044,10,48
probe_budget_shift,vision_language_policy,damage,0.24583,0.02907,10,48
probe_budget_shift,vision_language_policy,slip_or_drop,0.13542,0.02806,10,48
probe_budget_shift,vision_language_policy,param_error,0.23375,0.00527,10,48
probe_budget_shift,vision_language_policy,probe_count,0.00000,0.00000,10,48
probe_budget_shift,vision_language_policy,probe_cost,0.00000,0.00000,10,48
probe_budget_shift,vision_language_policy,fact_accuracy,0.80070,0.01559,10,48
probe_budget_shift,vision_language_policy,debt_calibration_error,0.39793,0.01573,10,48
probe_budget_shift,vision_language_policy,false_safe_confidence,0.02917,0.01516,10,48
probe_budget_shift,vision_language_policy,abstain_rate,0.00000,0.00000,10,48
probe_budget_shift,vision_language_policy,tail_param_error,0.35108,0.01383,10,48
probe_budget_shift,uncertainty_threshold_policy,action_success,0.44583,0.02868,10,48
probe_budget_shift,uncertainty_threshold_policy,damage,0.09375,0.02935,10,48
probe_budget_shift,uncertainty_threshold_policy,slip_or_drop,0.31042,0.03573,10,48
probe_budget_shift,uncertainty_threshold_policy,param_error,0.28150,0.00894,10,48
probe_budget_shift,uncertainty_threshold_policy,probe_count,0.00000,0.00000,10,48
probe_budget_shift,uncertainty_threshold_policy,probe_cost,0.00000,0.00000,10,48
probe_budget_shift,uncertainty_threshold_policy,fact_accuracy,0.80070,0.01559,10,48
probe_budget_shift,uncertainty_threshold_policy,debt_calibration_error,0.39793,0.01573,10,48
probe_budget_shift,uncertainty_threshold_policy,false_safe_confidence,0.06250,0.02278,10,48
probe_budget_shift,uncertainty_threshold_policy,abstain_rate,0.00000,0.00000,10,48
probe_budget_shift,uncertainty_threshold_policy,tail_param_error,0.44038,0.02280,10,48
probe_budget_shift,passive_tactile_classifier,action_success,0.64167,0.03486,10,48
probe_budget_shift,passive_tactile_classifier,damage,0.20000,0.02932,10,48
probe_budget_shift,passive_tactile_classifier,slip_or_drop,0.12500,0.03389,10,48
probe_budget_shift,passive_tactile_classifier,param_error,0.21233,0.00387,10,48
probe_budget_shift,passive_tactile_classifier,probe_count,2.00000,0.00000,10,48
probe_budget_shift,passive_tactile_classifier,probe_cost,0.24000,0.00000,10,48
probe_budget_shift,passive_tactile_classifier,fact_accuracy,0.87431,0.01603,10,48
probe_budget_shift,passive_tactile_classifier,debt_calibration_error,0.43146,0.01761,10,48
probe_budget_shift,passive_tactile_classifier,false_safe_confidence,0.01458,0.01368,10,48
probe_budget_shift,passive_tactile_classifier,abstain_rate,0.00000,0.00000,10,48
probe_budget_shift,passive_tactile_classifier,tail_param_error,0.31835,0.00877,10,48
probe_budget_shift,greedy_active_touch,action_success,0.55000,0.05100,10,48
probe_budget_shift,greedy_active_touch,damage,0.33542,0.05757,10,48
probe_budget_shift,greedy_active_touch,slip_or_drop,0.11042,0.02113,10,48
probe_budget_shift,greedy_active_touch,param_error,0.19830,0.00434,10,48
probe_budget_shift,greedy_active_touch,probe_count,2.00000,0.00000,10,48
probe_budget_shift,greedy_active_touch,probe_cost,0.26300,0.00409,10,48
probe_budget_shift,greedy_active_touch,fact_accuracy,0.88958,0.01337,10,48
probe_budget_shift,greedy_active_touch,debt_calibration_error,0.38980,0.01676,10,48
probe_budget_shift,greedy_active_touch,false_safe_confidence,0.03333,0.01846,10,48
probe_budget_shift,greedy_active_touch,abstain_rate,0.00000,0.00000,10,48
probe_budget_shift,greedy_active_touch,tail_param_error,0.29710,0.01025,10,48
probe_budget_shift,strong_tactile_then_policy,action_success,0.34792,0.02199,10,48
probe_budget_shift,strong_tactile_then_policy,damage,0.58333,0.03221,10,48
probe_budget_shift,strong_tactile_then_policy,slip_or_drop,0.08125,0.02753,10,48
probe_budget_shift,strong_tactile_then_policy,param_error,0.18198,0.00422,10,48
probe_budget_shift,strong_tactile_then_policy,probe_count,6.00000,0.00000,10,48
probe_budget_shift,strong_tactile_then_policy,probe_cost,0.79000,0.00000,10,48
probe_budget_shift,strong_tactile_then_policy,fact_accuracy,0.95069,0.01353,10,48
probe_budget_shift,strong_tactile_then_policy,debt_calibration_error,0.45154,0.01887,10,48
probe_budget_shift,strong_tactile_then_policy,false_safe_confidence,0.00208,0.00408,10,48
probe_budget_shift,strong_tactile_then_policy,abstain_rate,0.00000,0.00000,10,48
probe_budget_shift,strong_tactile_then_policy,tail_param_error,0.26946,0.00848,10,48
probe_budget_shift,risk_aware_touch_policy,action_success,0.65625,0.04140,10,48
probe_budget_shift,risk_aware_touch_policy,damage,0.16458,0.03010,10,48
probe_budget_shift,risk_aware_touch_policy,slip_or_drop,0.15208,0.03281,10,48
probe_budget_shift,risk_aware_touch_policy,param_error,0.20515,0.00478,10,48
probe_budget_shift,risk_aware_touch_policy,probe_count,1.95208,0.01831,10,48
probe_budget_shift,risk_aware_touch_policy,probe_cost,0.21915,0.00545,10,48
probe_budget_shift,risk_aware_touch_policy,fact_accuracy,0.91944,0.01480,10,48
probe_budget_shift,risk_aware_touch_policy,debt_calibration_error,0.40697,0.01772,10,48
probe_budget_shift,risk_aware_touch_policy,false_safe_confidence,0.05833,0.02261,10,48
probe_budget_shift,risk_aware_touch_policy,abstain_rate,0.00000,0.00000,10,48
probe_budget_shift,risk_aware_touch_policy,tail_param_error,0.31537,0.00888,10,48
probe_budget_shift,budgeted_information_gain,action_success,0.64167,0.02495,10,48
probe_budget_shift,budgeted_information_gain,damage,0.22083,0.03400,10,48
probe_budget_shift,budgeted_information_gain,slip_or_drop,0.11041,0.01930,10,48
probe_budget_shift,budgeted_information_gain,param_error,0.21566,0.00408,10,48
probe_budget_shift,budgeted_information_gain,probe_count,1.00000,0.00000,10,48
probe_budget_shift,budgeted_information_gain,probe_cost,0.09554,0.00217,10,48
probe_budget_shift,budgeted_information_gain,fact_accuracy,0.86806,0.01477,10,48
probe_budget_shift,budgeted_information_gain,debt_calibration_error,0.39779,0.01731,10,48
probe_budget_shift,budgeted_information_gain,false_safe_confidence,0.04583,0.01906,10,48
probe_budget_shift,budgeted_information_gain,abstain_rate,0.00000,0.00000,10,48
probe_budget_shift,budgeted_information_gain,tail_param_error,0.33799,0.01203,10,48
probe_budget_shift,calibrated_debt_threshold,action_success,0.66458,0.04104,10,48
probe_budget_shift,calibrated_debt_threshold,damage,0.17292,0.03107,10,48
probe_budget_shift,calibrated_debt_threshold,slip_or_drop,0.14792,0.03624,10,48
probe_budget_shift,calibrated_debt_threshold,param_error,0.20116,0.00501,10,48
probe_budget_shift,calibrated_debt_threshold,probe_count,1.90625,0.02528,10,48
probe_budget_shift,calibrated_debt_threshold,probe_cost,0.21112,0.00536,10,48
probe_budget_shift,calibrated_debt_threshold,fact_accuracy,0.92847,0.01421,10,48
probe_budget_shift,calibrated_debt_threshold,debt_calibration_error,0.41875,0.01646,10,48
probe_budget_shift,calibrated_debt_threshold,false_safe_confidence,0.05000,0.01944,10,48
probe_budget_shift,calibrated_debt_threshold,abstain_rate,0.00000,0.00000,10,48
probe_budget_shift,calibrated_debt_threshold,tail_param_error,0.30951,0.00991,10,48
probe_budget_shift,counterfactual_material_filter,action_success,0.64792,0.03573,10,48
probe_budget_shift,counterfactual_material_filter,damage,0.16458,0.02543,10,48
probe_budget_shift,counterfactual_material_filter,slip_or_drop,0.16250,0.03209,10,48
probe_budget_shift,counterfactual_material_filter,param_error,0.21085,0.00527,10,48
probe_budget_shift,counterfactual_material_filter,probe_count,0.97917,0.01361,10,48
probe_budget_shift,counterfactual_material_filter,probe_cost,0.11317,0.00301,10,48
probe_budget_shift,counterfactual_material_filter,fact_accuracy,0.89514,0.01003,10,48
probe_budget_shift,counterfactual_material_filter,debt_calibration_error,0.42117,0.01064,10,48
probe_budget_shift,counterfactual_material_filter,false_safe_confidence,0.04583,0.02178,10,48
probe_budget_shift,counterfactual_material_filter,abstain_rate,0.00000,0.00000,10,48
probe_budget_shift,counterfactual_material_filter,tail_param_error,0.32086,0.01246,10,48
probe_budget_shift,grounding_debt_planner_v5,action_success,0.64375,0.02819,10,48
probe_budget_shift,grounding_debt_planner_v5,damage,0.16250,0.02420,10,48
probe_budget_shift,grounding_debt_planner_v5,slip_or_drop,0.16042,0.03337,10,48
probe_budget_shift,grounding_debt_planner_v5,param_error,0.21910,0.00459,10,48
probe_budget_shift,grounding_debt_planner_v5,probe_count,1.00000,0.00000,10,48
probe_budget_shift,grounding_debt_planner_v5,probe_cost,0.09033,0.00124,10,48
probe_budget_shift,grounding_debt_planner_v5,fact_accuracy,0.87361,0.01695,10,48
probe_budget_shift,grounding_debt_planner_v5,debt_calibration_error,0.41190,0.01892,10,48
probe_budget_shift,grounding_debt_planner_v5,false_safe_confidence,0.04375,0.02232,10,48
probe_budget_shift,grounding_debt_planner_v5,abstain_rate,0.00000,0.00000,10,48
probe_budget_shift,grounding_debt_planner_v5,tail_param_error,0.33776,0.01151,10,48
probe_budget_shift,oracle_tactile_upper_bound,action_success,1.00000,0.00000,10,48
probe_budget_shift,oracle_tactile_upper_bound,damage,0.00000,0.00000,10,48
probe_budget_shift,oracle_tactile_upper_bound,slip_or_drop,0.00000,0.00000,10,48
probe_budget_shift,oracle_tactile_upper_bound,param_error,0.01296,0.00024,10,48
probe_budget_shift,oracle_tactile_upper_bound,probe_count,0.00000,0.00000,10,48
probe_budget_shift,oracle_tactile_upper_bound,probe_cost,0.00000,0.00000,10,48
probe_budget_shift,oracle_tactile_upper_bound,fact_accuracy,1.00000,0.00000,10,48
probe_budget_shift,oracle_tactile_upper_bound,debt_calibration_error,0.04000,0.00000,10,48
probe_budget_shift,oracle_tactile_upper_bound,false_safe_confidence,0.00000,0.00000,10,48
probe_budget_shift,oracle_tactile_upper_bound,abstain_rate,0.00000,0.00000,10,48
probe_budget_shift,oracle_tactile_upper_bound,tail_param_error,0.01771,0.00057,10,48
combined_hard_shift,language_prior_policy,action_success,0.39167,0.04824,10,48
combined_hard_shift,language_prior_policy,damage,0.32500,0.05314,10,48
combined_hard_shift,language_prior_policy,slip_or_drop,0.21042,0.02393,10,48
combined_hard_shift,language_prior_policy,param_error,0.28275,0.00813,10,48
combined_hard_shift,language_prior_policy,probe_count,0.00000,0.00000,10,48
combined_hard_shift,language_prior_policy,probe_cost,0.00000,0.00000,10,48
combined_hard_shift,language_prior_policy,fact_accuracy,0.74931,0.02263,10,48
combined_hard_shift,language_prior_policy,debt_calibration_error,0.39676,0.01755,10,48
combined_hard_shift,language_prior_policy,false_safe_confidence,0.02917,0.01388,10,48
combined_hard_shift,language_prior_policy,abstain_rate,0.00000,0.00000,10,48
combined_hard_shift,language_prior_policy,tail_param_error,0.40906,0.01328,10,48
combined_hard_shift,vision_language_policy,action_success,0.32500,0.03859,10,48
combined_hard_shift,vision_language_policy,damage,0.36042,0.05308,10,48
combined_hard_shift,vision_language_policy,slip_or_drop,0.21458,0.03392,10,48
combined_hard_shift,vision_language_policy,param_error,0.31167,0.00873,10,48
combined_hard_shift,vision_language_policy,probe_count,0.00000,0.00000,10,48
combined_hard_shift,vision_language_policy,probe_cost,0.00000,0.00000,10,48
combined_hard_shift,vision_language_policy,fact_accuracy,0.57292,0.02011,10,48
combined_hard_shift,vision_language_policy,debt_calibration_error,0.31409,0.01082,10,48
combined_hard_shift,vision_language_policy,false_safe_confidence,0.03958,0.01968,10,48
combined_hard_shift,vision_language_policy,abstain_rate,0.00000,0.00000,10,48
combined_hard_shift,vision_language_policy,tail_param_error,0.44513,0.01738,10,48
combined_hard_shift,uncertainty_threshold_policy,action_success,0.27708,0.03446,10,48
combined_hard_shift,uncertainty_threshold_policy,damage,0.18542,0.03247,10,48
combined_hard_shift,uncertainty_threshold_policy,slip_or_drop,0.33125,0.02948,10,48
combined_hard_shift,uncertainty_threshold_policy,param_error,0.34010,0.01030,10,48
combined_hard_shift,uncertainty_threshold_policy,probe_count,0.00000,0.00000,10,48
combined_hard_shift,uncertainty_threshold_policy,probe_cost,0.00000,0.00000,10,48
combined_hard_shift,uncertainty_threshold_policy,fact_accuracy,0.57292,0.02011,10,48
combined_hard_shift,uncertainty_threshold_policy,debt_calibration_error,0.31409,0.01082,10,48
combined_hard_shift,uncertainty_threshold_policy,false_safe_confidence,0.03958,0.02314,10,48
combined_hard_shift,uncertainty_threshold_policy,abstain_rate,0.00000,0.00000,10,48
combined_hard_shift,uncertainty_threshold_policy,tail_param_error,0.51558,0.01406,10,48
combined_hard_shift,passive_tactile_classifier,action_success,0.38125,0.05131,10,48
combined_hard_shift,passive_tactile_classifier,damage,0.33125,0.05145,10,48
combined_hard_shift,passive_tactile_classifier,slip_or_drop,0.19167,0.03031,10,48
combined_hard_shift,passive_tactile_classifier,param_error,0.27949,0.00977,10,48
combined_hard_shift,passive_tactile_classifier,probe_count,2.00000,0.00000,10,48
combined_hard_shift,passive_tactile_classifier,probe_cost,0.24000,0.00000,10,48
combined_hard_shift,passive_tactile_classifier,fact_accuracy,0.68403,0.02140,10,48
combined_hard_shift,passive_tactile_classifier,debt_calibration_error,0.36042,0.01397,10,48
combined_hard_shift,passive_tactile_classifier,false_safe_confidence,0.00625,0.00624,10,48
combined_hard_shift,passive_tactile_classifier,abstain_rate,0.00000,0.00000,10,48
combined_hard_shift,passive_tactile_classifier,tail_param_error,0.40930,0.01910,10,48
combined_hard_shift,greedy_active_touch,action_success,0.30417,0.04270,10,48
combined_hard_shift,greedy_active_touch,damage,0.46458,0.05480,10,48
combined_hard_shift,greedy_active_touch,slip_or_drop,0.20208,0.02726,10,48
combined_hard_shift,greedy_active_touch,param_error,0.28160,0.01028,10,48
combined_hard_shift,greedy_active_touch,probe_count,2.00000,0.00000,10,48
combined_hard_shift,greedy_active_touch,probe_cost,0.26339,0.00393,10,48
combined_hard_shift,greedy_active_touch,fact_accuracy,0.66111,0.01695,10,48
combined_hard_shift,greedy_active_touch,debt_calibration_error,0.29708,0.01082,10,48
combined_hard_shift,greedy_active_touch,false_safe_confidence,0.01667,0.01466,10,48
combined_hard_shift,greedy_active_touch,abstain_rate,0.00000,0.00000,10,48
combined_hard_shift,greedy_active_touch,tail_param_error,0.41043,0.02194,10,48
combined_hard_shift,strong_tactile_then_policy,action_success,0.21875,0.04606,10,48
combined_hard_shift,strong_tactile_then_policy,damage,0.60833,0.05704,10,48
combined_hard_shift,strong_tactile_then_policy,slip_or_drop,0.17708,0.01949,10,48
combined_hard_shift,strong_tactile_then_policy,param_error,0.24535,0.00793,10,48
combined_hard_shift,strong_tactile_then_policy,probe_count,6.00000,0.00000,10,48
combined_hard_shift,strong_tactile_then_policy,probe_cost,0.79000,0.00000,10,48
combined_hard_shift,strong_tactile_then_policy,fact_accuracy,0.78750,0.01817,10,48
combined_hard_shift,strong_tactile_then_policy,debt_calibration_error,0.40921,0.01684,10,48
combined_hard_shift,strong_tactile_then_policy,false_safe_confidence,0.00000,0.00000,10,48
combined_hard_shift,strong_tactile_then_policy,abstain_rate,0.00000,0.00000,10,48
combined_hard_shift,strong_tactile_then_policy,tail_param_error,0.35967,0.01234,10,48
combined_hard_shift,risk_aware_touch_policy,action_success,0.42083,0.03209,10,48
combined_hard_shift,risk_aware_touch_policy,damage,0.28333,0.04990,10,48
combined_hard_shift,risk_aware_touch_policy,slip_or_drop,0.21667,0.03662,10,48
combined_hard_shift,risk_aware_touch_policy,param_error,0.27772,0.00994,10,48
combined_hard_shift,risk_aware_touch_policy,probe_count,1.93750,0.02855,10,48
combined_hard_shift,risk_aware_touch_policy,probe_cost,0.21517,0.00657,10,48
combined_hard_shift,risk_aware_touch_policy,fact_accuracy,0.72569,0.02806,10,48
combined_hard_shift,risk_aware_touch_policy,debt_calibration_error,0.33147,0.01884,10,48
combined_hard_shift,risk_aware_touch_policy,false_safe_confidence,0.03542,0.01616,10,48
combined_hard_shift,risk_aware_touch_policy,abstain_rate,0.00000,0.00000,10,48
combined_hard_shift,risk_aware_touch_policy,tail_param_error,0.42055,0.01806,10,48
combined_hard_shift,budgeted_information_gain,action_success,0.41458,0.05145,10,48
combined_hard_shift,budgeted_information_gain,damage,0.31667,0.06407,10,48
combined_hard_shift,budgeted_information_gain,slip_or_drop,0.19167,0.03092,10,48
combined_hard_shift,budgeted_information_gain,param_error,0.27879,0.01089,10,48
combined_hard_shift,budgeted_information_gain,probe_count,2.00000,0.00000,10,48
combined_hard_shift,budgeted_information_gain,probe_cost,0.21785,0.00220,10,48
combined_hard_shift,budgeted_information_gain,fact_accuracy,0.72917,0.02259,10,48
combined_hard_shift,budgeted_information_gain,debt_calibration_error,0.32250,0.01816,10,48
combined_hard_shift,budgeted_information_gain,false_safe_confidence,0.03333,0.01248,10,48
combined_hard_shift,budgeted_information_gain,abstain_rate,0.00000,0.00000,10,48
combined_hard_shift,budgeted_information_gain,tail_param_error,0.40556,0.02099,10,48
combined_hard_shift,calibrated_debt_threshold,action_success,0.36042,0.03552,10,48
combined_hard_shift,calibrated_debt_threshold,damage,0.27708,0.04557,10,48
combined_hard_shift,calibrated_debt_threshold,slip_or_drop,0.17291,0.03224,10,48
combined_hard_shift,calibrated_debt_threshold,param_error,0.35453,0.02422,10,48
combined_hard_shift,calibrated_debt_threshold,probe_count,1.92500,0.02736,10,48
combined_hard_shift,calibrated_debt_threshold,probe_cost,0.20846,0.00580,10,48
combined_hard_shift,calibrated_debt_threshold,fact_accuracy,0.74236,0.02971,10,48
combined_hard_shift,calibrated_debt_threshold,debt_calibration_error,0.36957,0.02139,10,48
combined_hard_shift,calibrated_debt_threshold,false_safe_confidence,0.02083,0.01054,10,48
combined_hard_shift,calibrated_debt_threshold,abstain_rate,0.14375,0.03247,10,48
combined_hard_shift,calibrated_debt_threshold,tail_param_error,0.77945,0.09857,10,48
combined_hard_shift,counterfactual_material_filter,action_success,0.41875,0.04450,10,48
combined_hard_shift,counterfactual_material_filter,damage,0.30625,0.05446,10,48
combined_hard_shift,counterfactual_material_filter,slip_or_drop,0.20625,0.02753,10,48
combined_hard_shift,counterfactual_material_filter,param_error,0.27146,0.01088,10,48
combined_hard_shift,counterfactual_material_filter,probe_count,1.88125,0.03947,10,48
combined_hard_shift,counterfactual_material_filter,probe_cost,0.21363,0.00750,10,48
combined_hard_shift,counterfactual_material_filter,fact_accuracy,0.75139,0.02683,10,48
combined_hard_shift,counterfactual_material_filter,debt_calibration_error,0.36898,0.02091,10,48
combined_hard_shift,counterfactual_material_filter,false_safe_confidence,0.02292,0.01546,10,48
combined_hard_shift,counterfactual_material_filter,abstain_rate,0.00000,0.00000,10,48
combined_hard_shift,counterfactual_material_filter,tail_param_error,0.40422,0.02038,10,48
combined_hard_shift,grounding_debt_planner_v5,action_success,0.43542,0.02948,10,48
combined_hard_shift,grounding_debt_planner_v5,damage,0.27500,0.04252,10,48
combined_hard_shift,grounding_debt_planner_v5,slip_or_drop,0.21667,0.03232,10,48
combined_hard_shift,grounding_debt_planner_v5,param_error,0.27458,0.00885,10,48
combined_hard_shift,grounding_debt_planner_v5,probe_count,1.93333,0.02970,10,48
combined_hard_shift,grounding_debt_planner_v5,probe_cost,0.19740,0.00464,10,48
combined_hard_shift,grounding_debt_planner_v5,fact_accuracy,0.73889,0.02403,10,48
combined_hard_shift,grounding_debt_planner_v5,debt_calibration_error,0.35894,0.02342,10,48
combined_hard_shift,grounding_debt_planner_v5,false_safe_confidence,0.01875,0.01421,10,48
combined_hard_shift,grounding_debt_planner_v5,abstain_rate,0.00000,0.00000,10,48
combined_hard_shift,grounding_debt_planner_v5,tail_param_error,0.41534,0.01843,10,48
combined_hard_shift,oracle_tactile_upper_bound,action_success,1.00000,0.00000,10,48
combined_hard_shift,oracle_tactile_upper_bound,damage,0.00000,0.00000,10,48
combined_hard_shift,oracle_tactile_upper_bound,slip_or_drop,0.00000,0.00000,10,48
combined_hard_shift,oracle_tactile_upper_bound,param_error,0.01310,0.00031,10,48
combined_hard_shift,oracle_tactile_upper_bound,probe_count,0.00000,0.00000,10,48
combined_hard_shift,oracle_tactile_upper_bound,probe_cost,0.00000,0.00000,10,48
combined_hard_shift,oracle_tactile_upper_bound,fact_accuracy,1.00000,0.00000,10,48
combined_hard_shift,oracle_tactile_upper_bound,debt_calibration_error,0.04000,0.00000,10,48
combined_hard_shift,oracle_tactile_upper_bound,false_safe_confidence,0.00000,0.00000,10,48
combined_hard_shift,oracle_tactile_upper_bound,abstain_rate,0.00000,0.00000,10,48
combined_hard_shift,oracle_tactile_upper_bound,tail_param_error,0.01765,0.00080,10,48
adversarial_language_vision_trap,language_prior_policy,action_success,0.31458,0.02819,10,48
adversarial_language_vision_trap,language_prior_policy,damage,0.38333,0.05383,10,48
adversarial_language_vision_trap,language_prior_policy,slip_or_drop,0.19375,0.03281,10,48
adversarial_language_vision_trap,language_prior_policy,param_error,0.30986,0.00855,10,48
adversarial_language_vision_trap,language_prior_policy,probe_count,0.00000,0.00000,10,48
adversarial_language_vision_trap,language_prior_policy,probe_cost,0.00000,0.00000,10,48
adversarial_language_vision_trap,language_prior_policy,fact_accuracy,0.62292,0.03365,10,48
adversarial_language_vision_trap,language_prior_policy,debt_calibration_error,0.35089,0.02517,10,48
adversarial_language_vision_trap,language_prior_policy,false_safe_confidence,0.02500,0.01187,10,48
adversarial_language_vision_trap,language_prior_policy,abstain_rate,0.00000,0.00000,10,48
adversarial_language_vision_trap,language_prior_policy,tail_param_error,0.45228,0.02244,10,48
adversarial_language_vision_trap,vision_language_policy,action_success,0.24375,0.02726,10,48
adversarial_language_vision_trap,vision_language_policy,damage,0.38958,0.04872,10,48
adversarial_language_vision_trap,vision_language_policy,slip_or_drop,0.23333,0.03323,10,48
adversarial_language_vision_trap,vision_language_policy,param_error,0.34046,0.00851,10,48
adversarial_language_vision_trap,vision_language_policy,probe_count,0.00000,0.00000,10,48
adversarial_language_vision_trap,vision_language_policy,probe_cost,0.00000,0.00000,10,48
adversarial_language_vision_trap,vision_language_policy,fact_accuracy,0.40208,0.02538,10,48
adversarial_language_vision_trap,vision_language_policy,debt_calibration_error,0.27233,0.01296,10,48
adversarial_language_vision_trap,vision_language_policy,false_safe_confidence,0.02708,0.01063,10,48
adversarial_language_vision_trap,vision_language_policy,abstain_rate,0.00000,0.00000,10,48
adversarial_language_vision_trap,vision_language_policy,tail_param_error,0.48531,0.01762,10,48
adversarial_language_vision_trap,uncertainty_threshold_policy,action_success,0.17917,0.03232,10,48
adversarial_language_vision_trap,uncertainty_threshold_policy,damage,0.26667,0.03591,10,48
adversarial_language_vision_trap,uncertainty_threshold_policy,slip_or_drop,0.37708,0.04366,10,48
adversarial_language_vision_trap,uncertainty_threshold_policy,param_error,0.35742,0.01084,10,48
adversarial_language_vision_trap,uncertainty_threshold_policy,probe_count,0.00000,0.00000,10,48
adversarial_language_vision_trap,uncertainty_threshold_policy,probe_cost,0.00000,0.00000,10,48
adversarial_language_vision_trap,uncertainty_threshold_policy,fact_accuracy,0.40208,0.02538,10,48
adversarial_language_vision_trap,uncertainty_threshold_policy,debt_calibration_error,0.27233,0.01296,10,48
adversarial_language_vision_trap,uncertainty_threshold_policy,false_safe_confidence,0.02708,0.01063,10,48
adversarial_language_vision_trap,uncertainty_threshold_policy,abstain_rate,0.00000,0.00000,10,48
adversarial_language_vision_trap,uncertainty_threshold_policy,tail_param_error,0.52026,0.02032,10,48
adversarial_language_vision_trap,passive_tactile_classifier,action_success,0.37083,0.02420,10,48
adversarial_language_vision_trap,passive_tactile_classifier,damage,0.34167,0.04801,10,48
adversarial_language_vision_trap,passive_tactile_classifier,slip_or_drop,0.20000,0.03560,10,48
adversarial_language_vision_trap,passive_tactile_classifier,param_error,0.29164,0.00775,10,48
adversarial_language_vision_trap,passive_tactile_classifier,probe_count,2.00000,0.00000,10,48
adversarial_language_vision_trap,passive_tactile_classifier,probe_cost,0.24000,0.00000,10,48
adversarial_language_vision_trap,passive_tactile_classifier,fact_accuracy,0.59306,0.01948,10,48
adversarial_language_vision_trap,passive_tactile_classifier,debt_calibration_error,0.32196,0.01583,10,48
adversarial_language_vision_trap,passive_tactile_classifier,false_safe_confidence,0.01250,0.00667,10,48
adversarial_language_vision_trap,passive_tactile_classifier,abstain_rate,0.00000,0.00000,10,48
adversarial_language_vision_trap,passive_tactile_classifier,tail_param_error,0.41297,0.01227,10,48
adversarial_language_vision_trap,greedy_active_touch,action_success,0.26042,0.02739,10,48
adversarial_language_vision_trap,greedy_active_touch,damage,0.49167,0.04092,10,48
adversarial_language_vision_trap,greedy_active_touch,slip_or_drop,0.21666,0.03859,10,48
adversarial_language_vision_trap,greedy_active_touch,param_error,0.30639,0.00758,10,48
adversarial_language_vision_trap,greedy_active_touch,probe_count,2.00000,0.00000,10,48
adversarial_language_vision_trap,greedy_active_touch,probe_cost,0.26342,0.00334,10,48
adversarial_language_vision_trap,greedy_active_touch,fact_accuracy,0.53542,0.01591,10,48
adversarial_language_vision_trap,greedy_active_touch,debt_calibration_error,0.26567,0.01594,10,48
adversarial_language_vision_trap,greedy_active_touch,false_safe_confidence,0.02083,0.01361,10,48
adversarial_language_vision_trap,greedy_active_touch,abstain_rate,0.00000,0.00000,10,48
adversarial_language_vision_trap,greedy_active_touch,tail_param_error,0.45411,0.01144,10,48
adversarial_language_vision_trap,strong_tactile_then_policy,action_success,0.23750,0.03954,10,48
adversarial_language_vision_trap,strong_tactile_then_policy,damage,0.62292,0.04492,10,48
adversarial_language_vision_trap,strong_tactile_then_policy,slip_or_drop,0.15625,0.03614,10,48
adversarial_language_vision_trap,strong_tactile_then_policy,param_error,0.23689,0.00482,10,48
adversarial_language_vision_trap,strong_tactile_then_policy,probe_count,6.00000,0.00000,10,48
adversarial_language_vision_trap,strong_tactile_then_policy,probe_cost,0.79000,0.00000,10,48
adversarial_language_vision_trap,strong_tactile_then_policy,fact_accuracy,0.79236,0.01524,10,48
adversarial_language_vision_trap,strong_tactile_then_policy,debt_calibration_error,0.43365,0.01260,10,48
adversarial_language_vision_trap,strong_tactile_then_policy,false_safe_confidence,0.00000,0.00000,10,48
adversarial_language_vision_trap,strong_tactile_then_policy,abstain_rate,0.00000,0.00000,10,48
adversarial_language_vision_trap,strong_tactile_then_policy,tail_param_error,0.34659,0.01138,10,48
adversarial_language_vision_trap,risk_aware_touch_policy,action_success,0.37083,0.03742,10,48
adversarial_language_vision_trap,risk_aware_touch_policy,damage,0.31042,0.04012,10,48
adversarial_language_vision_trap,risk_aware_touch_policy,slip_or_drop,0.22500,0.04029,10,48
adversarial_language_vision_trap,risk_aware_touch_policy,param_error,0.29241,0.00762,10,48
adversarial_language_vision_trap,risk_aware_touch_policy,probe_count,1.91250,0.02906,10,48
adversarial_language_vision_trap,risk_aware_touch_policy,probe_cost,0.21037,0.00472,10,48
adversarial_language_vision_trap,risk_aware_touch_policy,fact_accuracy,0.67153,0.01968,10,48
adversarial_language_vision_trap,risk_aware_touch_policy,debt_calibration_error,0.29918,0.01712,10,48
adversarial_language_vision_trap,risk_aware_touch_policy,false_safe_confidence,0.03750,0.01466,10,48
adversarial_language_vision_trap,risk_aware_touch_policy,abstain_rate,0.00000,0.00000,10,48
adversarial_language_vision_trap,risk_aware_touch_policy,tail_param_error,0.41935,0.01488,10,48
adversarial_language_vision_trap,budgeted_information_gain,action_success,0.36667,0.03116,10,48
adversarial_language_vision_trap,budgeted_information_gain,damage,0.36667,0.05876,10,48
adversarial_language_vision_trap,budgeted_information_gain,slip_or_drop,0.19792,0.03765,10,48
adversarial_language_vision_trap,budgeted_information_gain,param_error,0.28652,0.00836,10,48
adversarial_language_vision_trap,budgeted_information_gain,probe_count,2.00000,0.00000,10,48
adversarial_language_vision_trap,budgeted_information_gain,probe_cost,0.21877,0.00330,10,48
adversarial_language_vision_trap,budgeted_information_gain,fact_accuracy,0.68333,0.01423,10,48
adversarial_language_vision_trap,budgeted_information_gain,debt_calibration_error,0.30082,0.01819,10,48
adversarial_language_vision_trap,budgeted_information_gain,false_safe_confidence,0.03750,0.02178,10,48
adversarial_language_vision_trap,budgeted_information_gain,abstain_rate,0.00000,0.00000,10,48
adversarial_language_vision_trap,budgeted_information_gain,tail_param_error,0.41553,0.01082,10,48
adversarial_language_vision_trap,calibrated_debt_threshold,action_success,0.29583,0.03209,10,48
adversarial_language_vision_trap,calibrated_debt_threshold,damage,0.21667,0.04683,10,48
adversarial_language_vision_trap,calibrated_debt_threshold,slip_or_drop,0.16458,0.04058,10,48
adversarial_language_vision_trap,calibrated_debt_threshold,param_error,0.44601,0.01982,10,48
adversarial_language_vision_trap,calibrated_debt_threshold,probe_count,1.88750,0.03611,10,48
adversarial_language_vision_trap,calibrated_debt_threshold,probe_cost,0.20481,0.00677,10,48
adversarial_language_vision_trap,calibrated_debt_threshold,fact_accuracy,0.67639,0.02616,10,48
adversarial_language_vision_trap,calibrated_debt_threshold,debt_calibration_error,0.33082,0.02393,10,48
adversarial_language_vision_trap,calibrated_debt_threshold,false_safe_confidence,0.01042,0.00913,10,48
adversarial_language_vision_trap,calibrated_debt_threshold,abstain_rate,0.28750,0.03092,10,48
adversarial_language_vision_trap,calibrated_debt_threshold,tail_param_error,0.85000,0.00000,10,48
adversarial_language_vision_trap,counterfactual_material_filter,action_success,0.36250,0.03116,10,48
adversarial_language_vision_trap,counterfactual_material_filter,damage,0.33542,0.04149,10,48
adversarial_language_vision_trap,counterfactual_material_filter,slip_or_drop,0.22500,0.03840,10,48
adversarial_language_vision_trap,counterfactual_material_filter,param_error,0.28815,0.00839,10,48
adversarial_language_vision_trap,counterfactual_material_filter,probe_count,1.85625,0.04237,10,48
adversarial_language_vision_trap,counterfactual_material_filter,probe_cost,0.21111,0.00769,10,48
adversarial_language_vision_trap,counterfactual_material_filter,fact_accuracy,0.68403,0.02411,10,48
adversarial_language_vision_trap,counterfactual_material_filter,debt_calibration_error,0.32455,0.01778,10,48
adversarial_language_vision_trap,counterfactual_material_filter,false_safe_confidence,0.01042,0.00913,10,48
adversarial_language_vision_trap,counterfactual_material_filter,abstain_rate,0.00000,0.00000,10,48
adversarial_language_vision_trap,counterfactual_material_filter,tail_param_error,0.42415,0.01481,10,48
adversarial_language_vision_trap,grounding_debt_planner_v5,action_success,0.39792,0.04614,10,48
adversarial_language_vision_trap,grounding_debt_planner_v5,damage,0.30000,0.04522,10,48
adversarial_language_vision_trap,grounding_debt_planner_v5,slip_or_drop,0.21667,0.03289,10,48
adversarial_language_vision_trap,grounding_debt_planner_v5,param_error,0.28439,0.00982,10,48
adversarial_language_vision_trap,grounding_debt_planner_v5,probe_count,1.90000,0.03031,10,48
adversarial_language_vision_trap,grounding_debt_planner_v5,probe_cost,0.19294,0.00506,10,48
adversarial_language_vision_trap,grounding_debt_planner_v5,fact_accuracy,0.68125,0.02785,10,48
adversarial_language_vision_trap,grounding_debt_planner_v5,debt_calibration_error,0.33240,0.02127,10,48
adversarial_language_vision_trap,grounding_debt_planner_v5,false_safe_confidence,0.00833,0.00903,10,48
adversarial_language_vision_trap,grounding_debt_planner_v5,abstain_rate,0.00000,0.00000,10,48
adversarial_language_vision_trap,grounding_debt_planner_v5,tail_param_error,0.41464,0.01645,10,48
adversarial_language_vision_trap,oracle_tactile_upper_bound,action_success,1.00000,0.00000,10,48
adversarial_language_vision_trap,oracle_tactile_upper_bound,damage,0.00000,0.00000,10,48
adversarial_language_vision_trap,oracle_tactile_upper_bound,slip_or_drop,0.00000,0.00000,10,48
adversarial_language_vision_trap,oracle_tactile_upper_bound,param_error,0.01290,0.00034,10,48
adversarial_language_vision_trap,oracle_tactile_upper_bound,probe_count,0.00000,0.00000,10,48
adversarial_language_vision_trap,oracle_tactile_upper_bound,probe_cost,0.00000,0.00000,10,48
adversarial_language_vision_trap,oracle_tactile_upper_bound,fact_accuracy,1.00000,0.00000,10,48
adversarial_language_vision_trap,oracle_tactile_upper_bound,debt_calibration_error,0.04000,0.00000,10,48
adversarial_language_vision_trap,oracle_tactile_upper_bound,false_safe_confidence,0.00000,0.00000,10,48
adversarial_language_vision_trap,oracle_tactile_upper_bound,abstain_rate,0.00000,0.00000,10,48
adversarial_language_vision_trap,oracle_tactile_upper_bound,tail_param_error,0.01701,0.00049,10,48
