split,method,seed,episodes,action_success,damage,slip_or_drop,param_error,probe_count,probe_cost,fact_accuracy,debt_calibration_error,false_safe_confidence,abstain_rate,tail_param_error
seen_clean,language_prior_policy,0,48,0.83333,0.12500,0.02083,0.19473,0.00000,0.00000,0.96528,0.33130,0.08333,0.00000,0.32335
seen_clean,language_prior_policy,1,48,0.79167,0.16667,0.02083,0.17422,0.00000,0.00000,1.00000,0.40446,0.12500,0.00000,0.25456
seen_clean,language_prior_policy,2,48,0.79167,0.12500,0.08333,0.17242,0.00000,0.00000,0.99306,0.35954,0.12500,0.00000,0.23595
seen_clean,language_prior_policy,3,48,0.83333,0.04167,0.12500,0.16157,0.00000,0.00000,0.99306,0.34152,0.08333,0.00000,0.27243
seen_clean,language_prior_policy,4,48,0.66667,0.22917,0.10417,0.18620,0.00000,0.00000,0.99306,0.35559,0.18750,0.00000,0.28098
seen_clean,language_prior_policy,5,48,0.70833,0.16667,0.12500,0.18244,0.00000,0.00000,0.99306,0.38803,0.14583,0.00000,0.25362
seen_clean,language_prior_policy,6,48,0.85417,0.08333,0.06250,0.16972,0.00000,0.00000,0.99306,0.36330,0.08333,0.00000,0.25199
seen_clean,language_prior_policy,7,48,0.77083,0.14583,0.08333,0.17621,0.00000,0.00000,0.98611,0.33084,0.18750,0.00000,0.25650
seen_clean,language_prior_policy,8,48,0.85417,0.10417,0.04167,0.16189,0.00000,0.00000,0.99306,0.34317,0.08333,0.00000,0.24191
seen_clean,language_prior_policy,9,48,0.70833,0.16667,0.12500,0.19169,0.00000,0.00000,0.97917,0.37157,0.18750,0.00000,0.26231
seen_clean,vision_language_policy,0,48,0.87500,0.10417,0.02083,0.15600,0.00000,0.00000,0.96528,0.36316,0.02083,0.00000,0.25560
seen_clean,vision_language_policy,1,48,0.87500,0.08333,0.02083,0.15657,0.00000,0.00000,0.95833,0.36130,0.06250,0.00000,0.25133
seen_clean,vision_language_policy,2,48,0.85417,0.10417,0.04167,0.15444,0.00000,0.00000,0.97917,0.36970,0.08333,0.00000,0.22472
seen_clean,vision_language_policy,3,48,0.89583,0.00000,0.10417,0.14613,0.00000,0.00000,0.97917,0.37287,0.04167,0.00000,0.21178
seen_clean,vision_language_policy,4,48,0.77083,0.14583,0.06250,0.16314,0.00000,0.00000,0.94444,0.31954,0.12500,0.00000,0.26952
seen_clean,vision_language_policy,5,48,0.77083,0.14583,0.08333,0.15445,0.00000,0.00000,0.97222,0.36201,0.16667,0.00000,0.22063
seen_clean,vision_language_policy,6,48,0.93750,0.02083,0.04167,0.14536,0.00000,0.00000,0.97917,0.33242,0.02083,0.00000,0.19836
seen_clean,vision_language_policy,7,48,0.89583,0.02083,0.08333,0.13911,0.00000,0.00000,0.97222,0.33429,0.06250,0.00000,0.23142
seen_clean,vision_language_policy,8,48,0.91667,0.02083,0.06250,0.15353,0.00000,0.00000,0.94444,0.32312,0.02083,0.00000,0.21907
seen_clean,vision_language_policy,9,48,0.85417,0.08333,0.04167,0.15867,0.00000,0.00000,0.96528,0.35935,0.08333,0.00000,0.21632
seen_clean,uncertainty_threshold_policy,0,48,0.87500,0.04167,0.06250,0.17477,0.00000,0.00000,0.96528,0.36316,0.06250,0.00000,0.30273
seen_clean,uncertainty_threshold_policy,1,48,0.83333,0.04167,0.08333,0.17807,0.00000,0.00000,0.95833,0.36130,0.08333,0.00000,0.27075
seen_clean,uncertainty_threshold_policy,2,48,0.72917,0.06250,0.14583,0.18064,0.00000,0.00000,0.97917,0.36970,0.16667,0.00000,0.31655
seen_clean,uncertainty_threshold_policy,3,48,0.72917,0.00000,0.25000,0.18707,0.00000,0.00000,0.97917,0.37287,0.16667,0.00000,0.32991
seen_clean,uncertainty_threshold_policy,4,48,0.75000,0.02083,0.20833,0.18954,0.00000,0.00000,0.94444,0.31954,0.14583,0.00000,0.36211
seen_clean,uncertainty_threshold_policy,5,48,0.72917,0.06250,0.18750,0.18623,0.00000,0.00000,0.97222,0.36201,0.14583,0.00000,0.31687
seen_clean,uncertainty_threshold_policy,6,48,0.83333,0.00000,0.14583,0.16731,0.00000,0.00000,0.97917,0.33242,0.08333,0.00000,0.35207
seen_clean,uncertainty_threshold_policy,7,48,0.79167,0.02083,0.16667,0.16676,0.00000,0.00000,0.97222,0.33429,0.14583,0.00000,0.25181
seen_clean,uncertainty_threshold_policy,8,48,0.85417,0.00000,0.08333,0.17895,0.00000,0.00000,0.94444,0.32312,0.08333,0.00000,0.30447
seen_clean,uncertainty_threshold_policy,9,48,0.75000,0.04167,0.16667,0.19067,0.00000,0.00000,0.96528,0.35935,0.10417,0.00000,0.36336
seen_clean,passive_tactile_classifier,0,48,0.89583,0.08333,0.02083,0.14291,2.00000,0.24000,0.97917,0.32035,0.04167,0.00000,0.22447
seen_clean,passive_tactile_classifier,1,48,0.95833,0.02083,0.00000,0.13437,2.00000,0.24000,0.98611,0.34783,0.00000,0.00000,0.20127
seen_clean,passive_tactile_classifier,2,48,0.91667,0.06250,0.02083,0.13489,2.00000,0.24000,1.00000,0.34420,0.04167,0.00000,0.20319
seen_clean,passive_tactile_classifier,3,48,0.95833,0.00000,0.04167,0.13334,2.00000,0.24000,0.98611,0.34492,0.00000,0.00000,0.18257
seen_clean,passive_tactile_classifier,4,48,0.89583,0.04167,0.04167,0.13818,2.00000,0.24000,0.97222,0.29726,0.02083,0.00000,0.22083
seen_clean,passive_tactile_classifier,5,48,0.97917,0.02083,0.00000,0.13354,2.00000,0.24000,0.99306,0.33633,0.00000,0.00000,0.18215
seen_clean,passive_tactile_classifier,6,48,0.97917,0.00000,0.02083,0.12945,2.00000,0.24000,0.99306,0.32253,0.00000,0.00000,0.17854
seen_clean,passive_tactile_classifier,7,48,0.91667,0.02083,0.06250,0.11938,2.00000,0.24000,0.99306,0.31244,0.06250,0.00000,0.17809
seen_clean,passive_tactile_classifier,8,48,0.95833,0.00000,0.04167,0.13740,2.00000,0.24000,0.97917,0.31130,0.02083,0.00000,0.19661
seen_clean,passive_tactile_classifier,9,48,0.87500,0.06250,0.04167,0.14931,2.00000,0.24000,0.97917,0.33151,0.06250,0.00000,0.21500
seen_clean,greedy_active_touch,0,48,0.87500,0.10417,0.02083,0.11858,2.00000,0.26125,0.99306,0.30786,0.10417,0.00000,0.17862
seen_clean,greedy_active_touch,1,48,0.95833,0.04167,0.00000,0.11545,2.00000,0.26438,0.99306,0.31330,0.04167,0.00000,0.17210
seen_clean,greedy_active_touch,2,48,0.91667,0.06250,0.02083,0.12101,2.00000,0.26333,0.99306,0.32071,0.02083,0.00000,0.17030
seen_clean,greedy_active_touch,3,48,0.91667,0.04167,0.04167,0.11108,2.00000,0.26979,1.00000,0.32720,0.04167,0.00000,0.15805
seen_clean,greedy_active_touch,4,48,0.95833,0.04167,0.00000,0.11852,2.00000,0.26562,0.99306,0.30452,0.04167,0.00000,0.17467
seen_clean,greedy_active_touch,5,48,0.93750,0.06250,0.00000,0.11701,2.00000,0.27333,1.00000,0.32745,0.02083,0.00000,0.15899
seen_clean,greedy_active_touch,6,48,0.93750,0.04167,0.02083,0.11147,2.00000,0.27375,0.99306,0.29820,0.02083,0.00000,0.15915
seen_clean,greedy_active_touch,7,48,0.93750,0.04167,0.02083,0.10836,2.00000,0.28396,1.00000,0.31396,0.04167,0.00000,0.15015
seen_clean,greedy_active_touch,8,48,0.91667,0.06250,0.02083,0.11332,2.00000,0.28125,0.99306,0.30861,0.04167,0.00000,0.16039
seen_clean,greedy_active_touch,9,48,0.93750,0.04167,0.02083,0.12031,2.00000,0.26896,1.00000,0.32007,0.06250,0.00000,0.16053
seen_clean,strong_tactile_then_policy,0,48,0.77083,0.22917,0.00000,0.09636,6.00000,0.79000,1.00000,0.27415,0.12500,0.00000,0.15484
seen_clean,strong_tactile_then_policy,1,48,0.85417,0.14583,0.00000,0.09178,6.00000,0.79000,1.00000,0.26903,0.08333,0.00000,0.13849
seen_clean,strong_tactile_then_policy,2,48,0.85417,0.14583,0.00000,0.10137,6.00000,0.79000,1.00000,0.26945,0.08333,0.00000,0.14097
seen_clean,strong_tactile_then_policy,3,48,0.87500,0.10417,0.02083,0.09534,6.00000,0.79000,1.00000,0.28052,0.06250,0.00000,0.14574
seen_clean,strong_tactile_then_policy,4,48,0.89583,0.10417,0.00000,0.09705,6.00000,0.79000,1.00000,0.25654,0.02083,0.00000,0.14536
seen_clean,strong_tactile_then_policy,5,48,0.85417,0.14583,0.00000,0.09889,6.00000,0.79000,1.00000,0.26694,0.12500,0.00000,0.14994
seen_clean,strong_tactile_then_policy,6,48,0.89583,0.08333,0.02083,0.09143,6.00000,0.79000,1.00000,0.26086,0.04167,0.00000,0.14345
seen_clean,strong_tactile_then_policy,7,48,0.93750,0.04167,0.02083,0.08929,6.00000,0.79000,1.00000,0.25102,0.02083,0.00000,0.13350
seen_clean,strong_tactile_then_policy,8,48,0.89583,0.10417,0.00000,0.09797,6.00000,0.79000,1.00000,0.26476,0.10417,0.00000,0.14196
seen_clean,strong_tactile_then_policy,9,48,0.89583,0.10417,0.00000,0.10280,6.00000,0.79000,1.00000,0.27154,0.06250,0.00000,0.13533
seen_clean,risk_aware_touch_policy,0,48,0.93750,0.02083,0.04167,0.12657,2.00000,0.23583,1.00000,0.26709,0.04167,0.00000,0.18133
seen_clean,risk_aware_touch_policy,1,48,0.95833,0.02083,0.02083,0.12352,2.00000,0.24625,0.99306,0.25469,0.04167,0.00000,0.18064
seen_clean,risk_aware_touch_policy,2,48,0.89583,0.04167,0.06250,0.13441,2.00000,0.24125,1.00000,0.25729,0.06250,0.00000,0.20798
seen_clean,risk_aware_touch_policy,3,48,0.91667,0.00000,0.08333,0.13057,2.00000,0.23875,1.00000,0.27914,0.04167,0.00000,0.20541
seen_clean,risk_aware_touch_policy,4,48,0.93750,0.00000,0.06250,0.13107,2.00000,0.24208,1.00000,0.24871,0.06250,0.00000,0.19786
seen_clean,risk_aware_touch_policy,5,48,0.87500,0.00000,0.12500,0.14747,2.00000,0.23979,1.00000,0.26707,0.10417,0.00000,0.25018
seen_clean,risk_aware_touch_policy,6,48,1.00000,0.00000,0.00000,0.12169,2.00000,0.23729,1.00000,0.25184,0.00000,0.00000,0.17197
seen_clean,risk_aware_touch_policy,7,48,0.89583,0.00000,0.10417,0.12404,2.00000,0.23688,1.00000,0.23344,0.08333,0.00000,0.19738
seen_clean,risk_aware_touch_policy,8,48,0.93750,0.00000,0.06250,0.12678,2.00000,0.23875,0.99306,0.24802,0.04167,0.00000,0.18960
seen_clean,risk_aware_touch_policy,9,48,0.91667,0.00000,0.08333,0.13085,2.00000,0.22958,1.00000,0.26643,0.08333,0.00000,0.17931
seen_clean,budgeted_information_gain,0,48,0.81250,0.16667,0.02083,0.12176,3.00000,0.35646,1.00000,0.25670,0.14583,0.00000,0.18603
seen_clean,budgeted_information_gain,1,48,0.87500,0.12500,0.00000,0.11008,3.00000,0.35625,1.00000,0.25049,0.10417,0.00000,0.16805
seen_clean,budgeted_information_gain,2,48,0.87500,0.10417,0.02083,0.11986,3.00000,0.35396,1.00000,0.25236,0.10417,0.00000,0.16444
seen_clean,budgeted_information_gain,3,48,0.89583,0.06250,0.04167,0.11462,3.00000,0.35771,1.00000,0.26995,0.08333,0.00000,0.17065
seen_clean,budgeted_information_gain,4,48,0.93750,0.06250,0.00000,0.11752,3.00000,0.35542,1.00000,0.24242,0.04167,0.00000,0.17782
seen_clean,budgeted_information_gain,5,48,0.91667,0.08333,0.00000,0.12025,3.00000,0.35458,1.00000,0.25337,0.06250,0.00000,0.16557
seen_clean,budgeted_information_gain,6,48,0.95833,0.04167,0.00000,0.11021,3.00000,0.35063,1.00000,0.24761,0.04167,0.00000,0.16879
seen_clean,budgeted_information_gain,7,48,0.91667,0.04167,0.04167,0.11031,3.00000,0.35375,1.00000,0.23896,0.06250,0.00000,0.16078
seen_clean,budgeted_information_gain,8,48,0.97917,0.02083,0.00000,0.11773,3.00000,0.35437,1.00000,0.24743,0.02083,0.00000,0.15874
seen_clean,budgeted_information_gain,9,48,0.85417,0.12500,0.02083,0.12282,3.00000,0.35583,1.00000,0.25555,0.12500,0.00000,0.18062
seen_clean,calibrated_debt_threshold,0,48,0.95833,0.00000,0.04167,0.12843,1.14583,0.12854,1.00000,0.28554,0.02083,0.00000,0.17527
seen_clean,calibrated_debt_threshold,1,48,0.95833,0.00000,0.04167,0.12879,1.29167,0.15125,1.00000,0.27974,0.04167,0.00000,0.18989
seen_clean,calibrated_debt_threshold,2,48,0.87500,0.04167,0.08333,0.13965,1.29167,0.15667,1.00000,0.28374,0.08333,0.00000,0.20961
seen_clean,calibrated_debt_threshold,3,48,0.91667,0.00000,0.08333,0.13846,1.10417,0.13313,1.00000,0.30569,0.04167,0.00000,0.21239
seen_clean,calibrated_debt_threshold,4,48,0.87500,0.02083,0.10417,0.13453,1.20833,0.14104,1.00000,0.26110,0.10417,0.00000,0.19842
seen_clean,calibrated_debt_threshold,5,48,0.85417,0.00000,0.14583,0.14992,1.29167,0.15021,1.00000,0.28579,0.12500,0.00000,0.24377
seen_clean,calibrated_debt_threshold,6,48,0.97917,0.02083,0.00000,0.12519,1.04167,0.12125,1.00000,0.26355,0.00000,0.00000,0.17197
seen_clean,calibrated_debt_threshold,7,48,0.85417,0.00000,0.14583,0.13304,0.95833,0.11646,1.00000,0.27891,0.12500,0.00000,0.20861
seen_clean,calibrated_debt_threshold,8,48,0.93750,0.00000,0.06250,0.13152,1.12500,0.14521,1.00000,0.28516,0.04167,0.00000,0.18976
seen_clean,calibrated_debt_threshold,9,48,0.91667,0.00000,0.08333,0.13362,1.31250,0.15021,1.00000,0.28666,0.08333,0.00000,0.18036
seen_clean,counterfactual_material_filter,0,48,0.93750,0.02083,0.04167,0.12661,1.39583,0.16229,1.00000,0.26269,0.04167,0.00000,0.18688
seen_clean,counterfactual_material_filter,1,48,0.91667,0.06250,0.02083,0.12232,1.64583,0.19792,1.00000,0.25809,0.06250,0.00000,0.18294
seen_clean,counterfactual_material_filter,2,48,0.85417,0.06250,0.08333,0.13554,1.54167,0.18708,1.00000,0.26301,0.12500,0.00000,0.19810
seen_clean,counterfactual_material_filter,3,48,0.89583,0.02083,0.08333,0.13618,1.58333,0.18875,1.00000,0.28974,0.08333,0.00000,0.21145
seen_clean,counterfactual_material_filter,4,48,0.91667,0.02083,0.06250,0.12831,1.58333,0.19000,1.00000,0.24389,0.06250,0.00000,0.17682
seen_clean,counterfactual_material_filter,5,48,0.85417,0.00000,0.14583,0.14485,1.68750,0.19646,1.00000,0.26575,0.12500,0.00000,0.25166
seen_clean,counterfactual_material_filter,6,48,0.97917,0.02083,0.00000,0.12167,1.47917,0.17437,1.00000,0.24459,0.02083,0.00000,0.16646
seen_clean,counterfactual_material_filter,7,48,0.83333,0.02083,0.14583,0.12995,1.35417,0.16917,1.00000,0.25831,0.16667,0.00000,0.20156
seen_clean,counterfactual_material_filter,8,48,0.95833,0.00000,0.04167,0.12543,1.47917,0.18563,1.00000,0.26019,0.02083,0.00000,0.18050
seen_clean,counterfactual_material_filter,9,48,0.89583,0.02083,0.08333,0.12869,1.66667,0.19292,1.00000,0.27128,0.10417,0.00000,0.17159
seen_clean,grounding_debt_planner_v5,0,48,0.91667,0.04167,0.04167,0.12423,2.81250,0.33146,1.00000,0.25222,0.06250,0.00000,0.19979
seen_clean,grounding_debt_planner_v5,1,48,0.97917,0.00000,0.02083,0.11342,2.89583,0.34396,1.00000,0.24193,0.02083,0.00000,0.16720
seen_clean,grounding_debt_planner_v5,2,48,0.89583,0.04167,0.06250,0.13047,2.85417,0.33646,1.00000,0.24237,0.10417,0.00000,0.20172
seen_clean,grounding_debt_planner_v5,3,48,0.91667,0.00000,0.08333,0.12716,2.97917,0.35563,1.00000,0.26445,0.06250,0.00000,0.21200
seen_clean,grounding_debt_planner_v5,4,48,0.95833,0.00000,0.04167,0.12129,2.85417,0.33563,1.00000,0.23493,0.04167,0.00000,0.16739
seen_clean,grounding_debt_planner_v5,5,48,0.87500,0.00000,0.12500,0.13961,2.89583,0.34229,1.00000,0.24552,0.08333,0.00000,0.24865
seen_clean,grounding_debt_planner_v5,6,48,1.00000,0.00000,0.00000,0.12045,2.81250,0.32771,1.00000,0.24248,0.00000,0.00000,0.16996
seen_clean,grounding_debt_planner_v5,7,48,0.89583,0.00000,0.10417,0.12385,2.91667,0.34479,1.00000,0.23378,0.10417,0.00000,0.20195
seen_clean,grounding_debt_planner_v5,8,48,0.93750,0.00000,0.06250,0.12421,2.85417,0.33708,1.00000,0.23871,0.04167,0.00000,0.18365
seen_clean,grounding_debt_planner_v5,9,48,0.93750,0.00000,0.06250,0.12623,2.79167,0.32625,1.00000,0.24547,0.06250,0.00000,0.16700
seen_clean,oracle_tactile_upper_bound,0,48,1.00000,0.00000,0.00000,0.01280,0.00000,0.00000,1.00000,0.04000,0.00000,0.00000,0.01781
seen_clean,oracle_tactile_upper_bound,1,48,1.00000,0.00000,0.00000,0.01260,0.00000,0.00000,1.00000,0.04000,0.00000,0.00000,0.01743
seen_clean,oracle_tactile_upper_bound,2,48,1.00000,0.00000,0.00000,0.01258,0.00000,0.00000,1.00000,0.04000,0.00000,0.00000,0.01667
seen_clean,oracle_tactile_upper_bound,3,48,1.00000,0.00000,0.00000,0.01209,0.00000,0.00000,1.00000,0.04000,0.00000,0.00000,0.01743
seen_clean,oracle_tactile_upper_bound,4,48,1.00000,0.00000,0.00000,0.01271,0.00000,0.00000,1.00000,0.04000,0.00000,0.00000,0.01704
seen_clean,oracle_tactile_upper_bound,5,48,1.00000,0.00000,0.00000,0.01283,0.00000,0.00000,1.00000,0.04000,0.00000,0.00000,0.01780
seen_clean,oracle_tactile_upper_bound,6,48,1.00000,0.00000,0.00000,0.01246,0.00000,0.00000,1.00000,0.04000,0.00000,0.00000,0.01682
seen_clean,oracle_tactile_upper_bound,7,48,1.00000,0.00000,0.00000,0.01262,0.00000,0.00000,1.00000,0.04000,0.00000,0.00000,0.01659
seen_clean,oracle_tactile_upper_bound,8,48,1.00000,0.00000,0.00000,0.01205,0.00000,0.00000,1.00000,0.04000,0.00000,0.00000,0.01659
seen_clean,oracle_tactile_upper_bound,9,48,1.00000,0.00000,0.00000,0.01352,0.00000,0.00000,1.00000,0.04000,0.00000,0.00000,0.01690
language_alias_shift,language_prior_policy,0,48,0.39583,0.33333,0.22917,0.28539,0.00000,0.00000,0.81250,0.48666,0.00000,0.00000,0.40884
language_alias_shift,language_prior_policy,1,48,0.50000,0.27083,0.10417,0.26852,0.00000,0.00000,0.74306,0.43760,0.04167,0.00000,0.37684
language_alias_shift,language_prior_policy,2,48,0.39583,0.31250,0.18750,0.27218,0.00000,0.00000,0.72917,0.39057,0.04167,0.00000,0.42260
language_alias_shift,language_prior_policy,3,48,0.45833,0.29167,0.12500,0.26536,0.00000,0.00000,0.79861,0.42322,0.00000,0.00000,0.40125
language_alias_shift,language_prior_policy,4,48,0.45833,0.29167,0.20833,0.25716,0.00000,0.00000,0.77778,0.44622,0.00000,0.00000,0.35490
language_alias_shift,language_prior_policy,5,48,0.47917,0.20833,0.18750,0.26155,0.00000,0.00000,0.75695,0.42550,0.06250,0.00000,0.37802
language_alias_shift,language_prior_policy,6,48,0.45833,0.31250,0.18750,0.26291,0.00000,0.00000,0.81250,0.44210,0.02083,0.00000,0.40427
language_alias_shift,language_prior_policy,7,48,0.45833,0.37500,0.10417,0.27896,0.00000,0.00000,0.77083,0.43772,0.02083,0.00000,0.45283
language_alias_shift,language_prior_policy,8,48,0.56250,0.14583,0.12500,0.24822,0.00000,0.00000,0.78472,0.43422,0.04167,0.00000,0.34459
language_alias_shift,language_prior_policy,9,48,0.45833,0.31250,0.16667,0.26098,0.00000,0.00000,0.81250,0.47245,0.04167,0.00000,0.39339
language_alias_shift,vision_language_policy,0,48,0.60417,0.20833,0.16667,0.20584,0.00000,0.00000,0.92361,0.45638,0.12500,0.00000,0.27085
language_alias_shift,vision_language_policy,1,48,0.64583,0.22917,0.08333,0.21696,0.00000,0.00000,0.86111,0.43267,0.02083,0.00000,0.30797
language_alias_shift,vision_language_policy,2,48,0.58333,0.20833,0.16667,0.20833,0.00000,0.00000,0.88195,0.44058,0.02083,0.00000,0.32171
language_alias_shift,vision_language_policy,3,48,0.68750,0.16667,0.10417,0.21852,0.00000,0.00000,0.87500,0.43870,0.02083,0.00000,0.33550
language_alias_shift,vision_language_policy,4,48,0.64583,0.22917,0.10417,0.19469,0.00000,0.00000,0.93056,0.45669,0.08333,0.00000,0.29267
language_alias_shift,vision_language_policy,5,48,0.75000,0.16667,0.08333,0.19807,0.00000,0.00000,0.91667,0.45697,0.00000,0.00000,0.28729
language_alias_shift,vision_language_policy,6,48,0.64583,0.20833,0.12500,0.20935,0.00000,0.00000,0.86111,0.39814,0.04167,0.00000,0.34121
language_alias_shift,vision_language_policy,7,48,0.56250,0.33333,0.10417,0.20453,0.00000,0.00000,0.91667,0.46589,0.04167,0.00000,0.30748
language_alias_shift,vision_language_policy,8,48,0.81250,0.10417,0.08333,0.18483,0.00000,0.00000,0.93056,0.44245,0.04167,0.00000,0.24819
language_alias_shift,vision_language_policy,9,48,0.62500,0.25000,0.12500,0.19215,0.00000,0.00000,0.95833,0.50011,0.06250,0.00000,0.28254
language_alias_shift,uncertainty_threshold_policy,0,48,0.47917,0.06250,0.25000,0.27567,0.00000,0.00000,0.92361,0.45638,0.12500,0.00000,0.43634
language_alias_shift,uncertainty_threshold_policy,1,48,0.54167,0.02083,0.29167,0.26316,0.00000,0.00000,0.86111,0.43267,0.04167,0.00000,0.39904
language_alias_shift,uncertainty_threshold_policy,2,48,0.56250,0.08333,0.22917,0.26325,0.00000,0.00000,0.88195,0.44058,0.04167,0.00000,0.41237
language_alias_shift,uncertainty_threshold_policy,3,48,0.50000,0.08333,0.31250,0.27136,0.00000,0.00000,0.87500,0.43870,0.04167,0.00000,0.38689
language_alias_shift,uncertainty_threshold_policy,4,48,0.52083,0.06250,0.29167,0.26218,0.00000,0.00000,0.93056,0.45669,0.10417,0.00000,0.36974
language_alias_shift,uncertainty_threshold_policy,5,48,0.54167,0.02083,0.31250,0.26696,0.00000,0.00000,0.91667,0.45697,0.02083,0.00000,0.42123
language_alias_shift,uncertainty_threshold_policy,6,48,0.50000,0.08333,0.22917,0.25372,0.00000,0.00000,0.86111,0.39814,0.06250,0.00000,0.44786
language_alias_shift,uncertainty_threshold_policy,7,48,0.56250,0.12500,0.20833,0.23614,0.00000,0.00000,0.91667,0.46589,0.04167,0.00000,0.38000
language_alias_shift,uncertainty_threshold_policy,8,48,0.58333,0.02083,0.20833,0.25490,0.00000,0.00000,0.93056,0.44245,0.06250,0.00000,0.36297
language_alias_shift,uncertainty_threshold_policy,9,48,0.54167,0.06250,0.33333,0.25498,0.00000,0.00000,0.95833,0.50011,0.08333,0.00000,0.41078
language_alias_shift,passive_tactile_classifier,0,48,0.75000,0.10417,0.14583,0.18220,2.00000,0.24000,0.95833,0.42048,0.04167,0.00000,0.25713
language_alias_shift,passive_tactile_classifier,1,48,0.83333,0.12500,0.02083,0.18524,2.00000,0.24000,0.94444,0.47380,0.00000,0.00000,0.26095
language_alias_shift,passive_tactile_classifier,2,48,0.72917,0.14583,0.08333,0.17610,2.00000,0.24000,0.95139,0.44189,0.04167,0.00000,0.25108
language_alias_shift,passive_tactile_classifier,3,48,0.77083,0.14583,0.06250,0.18872,2.00000,0.24000,0.93056,0.42884,0.02083,0.00000,0.29401
language_alias_shift,passive_tactile_classifier,4,48,0.79167,0.12500,0.06250,0.17693,2.00000,0.24000,0.95833,0.43428,0.00000,0.00000,0.24943
language_alias_shift,passive_tactile_classifier,5,48,0.85417,0.06250,0.08333,0.17417,2.00000,0.24000,0.95139,0.43547,0.00000,0.00000,0.24736
language_alias_shift,passive_tactile_classifier,6,48,0.79167,0.08333,0.04167,0.18367,2.00000,0.24000,0.91667,0.39960,0.02083,0.00000,0.29846
language_alias_shift,passive_tactile_classifier,7,48,0.72917,0.18750,0.08333,0.18200,2.00000,0.24000,0.94444,0.41945,0.06250,0.00000,0.29071
language_alias_shift,passive_tactile_classifier,8,48,0.87500,0.06250,0.06250,0.16368,2.00000,0.24000,0.95833,0.41828,0.00000,0.00000,0.22557
language_alias_shift,passive_tactile_classifier,9,48,0.75000,0.14583,0.10417,0.17679,2.00000,0.24000,0.99306,0.47653,0.08333,0.00000,0.26000
language_alias_shift,greedy_active_touch,0,48,0.77083,0.14583,0.08333,0.16444,2.00000,0.26438,0.96528,0.41818,0.02083,0.00000,0.22797
language_alias_shift,greedy_active_touch,1,48,0.83333,0.12500,0.04167,0.17340,2.00000,0.26021,0.92361,0.36468,0.02083,0.00000,0.25420
language_alias_shift,greedy_active_touch,2,48,0.75000,0.14583,0.10417,0.16710,2.00000,0.25812,0.93750,0.37952,0.02083,0.00000,0.24529
language_alias_shift,greedy_active_touch,3,48,0.79167,0.16667,0.02083,0.16091,2.00000,0.27042,0.95139,0.40910,0.06250,0.00000,0.27704
language_alias_shift,greedy_active_touch,4,48,0.81250,0.12500,0.06250,0.15068,2.00000,0.26208,0.97222,0.41467,0.00000,0.00000,0.22543
language_alias_shift,greedy_active_touch,5,48,0.75000,0.18750,0.06250,0.17170,2.00000,0.26667,0.95139,0.40891,0.08333,0.00000,0.24717
language_alias_shift,greedy_active_touch,6,48,0.79167,0.20833,0.00000,0.15331,2.00000,0.25271,0.96528,0.38685,0.02083,0.00000,0.25467
language_alias_shift,greedy_active_touch,7,48,0.64583,0.29167,0.06250,0.15585,2.00000,0.25083,0.97222,0.40840,0.06250,0.00000,0.23479
language_alias_shift,greedy_active_touch,8,48,0.79167,0.10417,0.08333,0.15200,2.00000,0.26875,0.97222,0.39587,0.02083,0.00000,0.20781
language_alias_shift,greedy_active_touch,9,48,0.75000,0.12500,0.12500,0.16151,2.00000,0.26125,0.98611,0.42138,0.02083,0.00000,0.25500
language_alias_shift,strong_tactile_then_policy,0,48,0.81250,0.16667,0.02083,0.13680,6.00000,0.79000,1.00000,0.39036,0.00000,0.00000,0.21211
language_alias_shift,strong_tactile_then_policy,1,48,0.83333,0.16667,0.00000,0.14118,6.00000,0.79000,0.97917,0.40545,0.00000,0.00000,0.18789
language_alias_shift,strong_tactile_then_policy,2,48,0.87500,0.06250,0.06250,0.13251,6.00000,0.79000,1.00000,0.37730,0.00000,0.00000,0.19288
language_alias_shift,strong_tactile_then_policy,3,48,0.87500,0.10417,0.02083,0.13680,6.00000,0.79000,0.99306,0.39445,0.02083,0.00000,0.20736
language_alias_shift,strong_tactile_then_policy,4,48,0.91667,0.06250,0.02083,0.12843,6.00000,0.79000,1.00000,0.38569,0.00000,0.00000,0.17369
language_alias_shift,strong_tactile_then_policy,5,48,0.87500,0.06250,0.06250,0.12914,6.00000,0.79000,0.99306,0.36966,0.00000,0.00000,0.20311
language_alias_shift,strong_tactile_then_policy,6,48,0.85417,0.12500,0.02083,0.13378,6.00000,0.79000,0.99306,0.37805,0.00000,0.00000,0.20891
language_alias_shift,strong_tactile_then_policy,7,48,0.75000,0.22917,0.02083,0.13099,6.00000,0.79000,0.99306,0.37653,0.02083,0.00000,0.19273
language_alias_shift,strong_tactile_then_policy,8,48,0.91667,0.06250,0.02083,0.12073,6.00000,0.79000,0.99306,0.37724,0.02083,0.00000,0.16969
language_alias_shift,strong_tactile_then_policy,9,48,0.83333,0.14583,0.02083,0.13765,6.00000,0.79000,1.00000,0.37726,0.04167,0.00000,0.19554
language_alias_shift,risk_aware_touch_policy,0,48,0.72917,0.02083,0.22917,0.17905,2.00000,0.23937,0.99306,0.38310,0.04167,0.00000,0.28107
language_alias_shift,risk_aware_touch_policy,1,48,0.83333,0.04167,0.10417,0.16969,2.00000,0.24167,0.95833,0.36177,0.10417,0.00000,0.25319
language_alias_shift,risk_aware_touch_policy,2,48,0.81250,0.06250,0.12500,0.16214,2.00000,0.23771,0.98611,0.36782,0.12500,0.00000,0.22194
language_alias_shift,risk_aware_touch_policy,3,48,0.77083,0.10417,0.08333,0.17760,2.00000,0.23750,0.98611,0.37120,0.02083,0.00000,0.23953
language_alias_shift,risk_aware_touch_policy,4,48,0.83333,0.06250,0.10417,0.16376,2.00000,0.23979,0.98611,0.37594,0.10417,0.00000,0.23043
language_alias_shift,risk_aware_touch_policy,5,48,0.85417,0.04167,0.10417,0.16273,2.00000,0.23500,0.97917,0.35645,0.02083,0.00000,0.25044
language_alias_shift,risk_aware_touch_policy,6,48,0.91667,0.04167,0.04167,0.15061,2.00000,0.23187,0.98611,0.36729,0.04167,0.00000,0.22106
language_alias_shift,risk_aware_touch_policy,7,48,0.77083,0.10417,0.12500,0.15936,2.00000,0.23313,1.00000,0.38354,0.06250,0.00000,0.24989
language_alias_shift,risk_aware_touch_policy,8,48,0.87500,0.02083,0.10417,0.16172,2.00000,0.24771,0.98611,0.35961,0.02083,0.00000,0.22064
language_alias_shift,risk_aware_touch_policy,9,48,0.87500,0.04167,0.08333,0.16415,2.00000,0.23417,1.00000,0.38154,0.06250,0.00000,0.22949
language_alias_shift,budgeted_information_gain,0,48,0.64583,0.22917,0.12500,0.16359,3.00000,0.35833,1.00000,0.37200,0.08333,0.00000,0.23763
language_alias_shift,budgeted_information_gain,1,48,0.91667,0.08333,0.00000,0.15492,3.00000,0.35875,0.98611,0.39186,0.02083,0.00000,0.21601
language_alias_shift,budgeted_information_gain,2,48,0.72917,0.22917,0.06250,0.15098,3.00000,0.35625,1.00000,0.34881,0.12500,0.00000,0.21419
language_alias_shift,budgeted_information_gain,3,48,0.79167,0.14583,0.06250,0.15468,3.00000,0.35708,1.00000,0.37716,0.04167,0.00000,0.23657
language_alias_shift,budgeted_information_gain,4,48,0.66667,0.29167,0.04167,0.14992,3.00000,0.35750,1.00000,0.36506,0.16667,0.00000,0.21443
language_alias_shift,budgeted_information_gain,5,48,0.75000,0.18750,0.06250,0.14133,3.00000,0.35771,1.00000,0.35375,0.10417,0.00000,0.23098
language_alias_shift,budgeted_information_gain,6,48,0.77083,0.20833,0.04167,0.15123,3.00000,0.35708,0.99306,0.35743,0.06250,0.00000,0.22727
language_alias_shift,budgeted_information_gain,7,48,0.62500,0.31250,0.06250,0.14832,3.00000,0.35833,1.00000,0.36345,0.14583,0.00000,0.23615
language_alias_shift,budgeted_information_gain,8,48,0.87500,0.08333,0.06250,0.14093,3.00000,0.35771,0.99306,0.36008,0.02083,0.00000,0.20244
language_alias_shift,budgeted_information_gain,9,48,0.68750,0.29167,0.06250,0.15253,3.00000,0.35563,1.00000,0.36190,0.16667,0.00000,0.21635
language_alias_shift,calibrated_debt_threshold,0,48,0.70833,0.04167,0.22917,0.17929,1.93750,0.22938,0.98611,0.38026,0.06250,0.00000,0.26438
language_alias_shift,calibrated_debt_threshold,1,48,0.83333,0.06250,0.10417,0.16759,1.89583,0.22042,0.97917,0.38759,0.08333,0.00000,0.23909
language_alias_shift,calibrated_debt_threshold,2,48,0.79167,0.08333,0.12500,0.16224,1.91667,0.22125,0.99306,0.37477,0.12500,0.00000,0.23433
language_alias_shift,calibrated_debt_threshold,3,48,0.75000,0.12500,0.10417,0.17091,1.95833,0.23312,0.99306,0.38564,0.04167,0.00000,0.23677
language_alias_shift,calibrated_debt_threshold,4,48,0.83333,0.06250,0.10417,0.16507,1.91667,0.22333,0.99306,0.38202,0.10417,0.00000,0.22994
language_alias_shift,calibrated_debt_threshold,5,48,0.83333,0.06250,0.10417,0.16333,1.89583,0.22354,0.97222,0.35267,0.08333,0.00000,0.23684
language_alias_shift,calibrated_debt_threshold,6,48,0.91667,0.04167,0.04167,0.15027,1.83333,0.21021,0.98611,0.37010,0.02083,0.00000,0.21551
language_alias_shift,calibrated_debt_threshold,7,48,0.75000,0.12500,0.12500,0.15896,1.83333,0.21750,0.99306,0.38517,0.08333,0.00000,0.24989
language_alias_shift,calibrated_debt_threshold,8,48,0.89583,0.00000,0.10417,0.15844,1.93750,0.22812,0.99306,0.36931,0.00000,0.00000,0.21386
language_alias_shift,calibrated_debt_threshold,9,48,0.79167,0.08333,0.12500,0.16585,1.89583,0.22500,0.99306,0.37608,0.12500,0.00000,0.22926
language_alias_shift,counterfactual_material_filter,0,48,0.64583,0.16667,0.18750,0.16722,2.56250,0.30958,1.00000,0.35464,0.08333,0.00000,0.23901
language_alias_shift,counterfactual_material_filter,1,48,0.85417,0.04167,0.10417,0.15388,2.62500,0.31188,0.98611,0.37634,0.06250,0.00000,0.22646
language_alias_shift,counterfactual_material_filter,2,48,0.77083,0.14583,0.10417,0.15241,2.50000,0.29437,1.00000,0.33012,0.12500,0.00000,0.21160
language_alias_shift,counterfactual_material_filter,3,48,0.72917,0.14583,0.12500,0.16374,2.58333,0.31417,1.00000,0.35893,0.08333,0.00000,0.23647
language_alias_shift,counterfactual_material_filter,4,48,0.72917,0.14583,0.12500,0.15871,2.39583,0.28521,0.99306,0.34746,0.14583,0.00000,0.24144
language_alias_shift,counterfactual_material_filter,5,48,0.81250,0.10417,0.08333,0.15065,2.54167,0.30458,0.98611,0.33389,0.06250,0.00000,0.24387
language_alias_shift,counterfactual_material_filter,6,48,0.83333,0.14583,0.04167,0.14709,2.41667,0.28625,1.00000,0.34784,0.06250,0.00000,0.21307
language_alias_shift,counterfactual_material_filter,7,48,0.64583,0.22917,0.12500,0.14676,2.50000,0.29979,1.00000,0.34266,0.12500,0.00000,0.24506
language_alias_shift,counterfactual_material_filter,8,48,0.85417,0.06250,0.10417,0.15084,2.50000,0.29917,0.99306,0.33271,0.02083,0.00000,0.21097
language_alias_shift,counterfactual_material_filter,9,48,0.77083,0.18750,0.08333,0.16121,2.66667,0.31854,1.00000,0.34164,0.12500,0.00000,0.22446
language_alias_shift,grounding_debt_planner_v5,0,48,0.70833,0.08333,0.20833,0.16820,2.95833,0.35167,1.00000,0.35995,0.06250,0.00000,0.23764
language_alias_shift,grounding_debt_planner_v5,1,48,0.87500,0.04167,0.08333,0.15221,3.00000,0.35833,0.99306,0.38752,0.02083,0.00000,0.21302
language_alias_shift,grounding_debt_planner_v5,2,48,0.83333,0.06250,0.10417,0.15499,2.93750,0.34833,1.00000,0.33493,0.08333,0.00000,0.21668
language_alias_shift,grounding_debt_planner_v5,3,48,0.79167,0.08333,0.12500,0.16278,2.97917,0.35500,1.00000,0.36448,0.04167,0.00000,0.23429
language_alias_shift,grounding_debt_planner_v5,4,48,0.83333,0.04167,0.12500,0.15629,2.95833,0.35229,1.00000,0.35509,0.08333,0.00000,0.23666
language_alias_shift,grounding_debt_planner_v5,5,48,0.83333,0.08333,0.08333,0.14810,2.97917,0.35500,1.00000,0.34456,0.04167,0.00000,0.24387
language_alias_shift,grounding_debt_planner_v5,6,48,0.85417,0.10417,0.04167,0.14899,2.95833,0.35167,1.00000,0.35308,0.04167,0.00000,0.22335
language_alias_shift,grounding_debt_planner_v5,7,48,0.72917,0.14583,0.12500,0.14930,3.00000,0.35833,1.00000,0.35264,0.08333,0.00000,0.24454
language_alias_shift,grounding_debt_planner_v5,8,48,0.89583,0.00000,0.10417,0.15541,2.97917,0.35500,0.99306,0.35142,0.00000,0.00000,0.21856
language_alias_shift,grounding_debt_planner_v5,9,48,0.81250,0.10417,0.08333,0.16316,2.97917,0.35500,1.00000,0.35273,0.10417,0.00000,0.22446
language_alias_shift,oracle_tactile_upper_bound,0,48,1.00000,0.00000,0.00000,0.01334,0.00000,0.00000,1.00000,0.04000,0.00000,0.00000,0.01805
language_alias_shift,oracle_tactile_upper_bound,1,48,1.00000,0.00000,0.00000,0.01291,0.00000,0.00000,1.00000,0.04000,0.00000,0.00000,0.01693
language_alias_shift,oracle_tactile_upper_bound,2,48,1.00000,0.00000,0.00000,0.01279,0.00000,0.00000,1.00000,0.04000,0.00000,0.00000,0.01646
language_alias_shift,oracle_tactile_upper_bound,3,48,1.00000,0.00000,0.00000,0.01255,0.00000,0.00000,1.00000,0.04000,0.00000,0.00000,0.01714
language_alias_shift,oracle_tactile_upper_bound,4,48,1.00000,0.00000,0.00000,0.01220,0.00000,0.00000,1.00000,0.04000,0.00000,0.00000,0.01693
language_alias_shift,oracle_tactile_upper_bound,5,48,1.00000,0.00000,0.00000,0.01296,0.00000,0.00000,1.00000,0.04000,0.00000,0.00000,0.01704
language_alias_shift,oracle_tactile_upper_bound,6,48,1.00000,0.00000,0.00000,0.01221,0.00000,0.00000,1.00000,0.04000,0.00000,0.00000,0.01687
language_alias_shift,oracle_tactile_upper_bound,7,48,1.00000,0.00000,0.00000,0.01299,0.00000,0.00000,1.00000,0.04000,0.00000,0.00000,0.01720
language_alias_shift,oracle_tactile_upper_bound,8,48,1.00000,0.00000,0.00000,0.01232,0.00000,0.00000,1.00000,0.04000,0.00000,0.00000,0.01579
language_alias_shift,oracle_tactile_upper_bound,9,48,1.00000,0.00000,0.00000,0.01304,0.00000,0.00000,1.00000,0.04000,0.00000,0.00000,0.01885
visual_counterfactual,language_prior_policy,0,48,0.79167,0.10417,0.10417,0.19833,0.00000,0.00000,0.96528,0.41089,0.04167,0.00000,0.26079
visual_counterfactual,language_prior_policy,1,48,0.77083,0.12500,0.10417,0.18656,0.00000,0.00000,0.93056,0.34978,0.08333,0.00000,0.28115
visual_counterfactual,language_prior_policy,2,48,0.64583,0.16667,0.14583,0.21060,0.00000,0.00000,0.92361,0.36477,0.06250,0.00000,0.31583
visual_counterfactual,language_prior_policy,3,48,0.68750,0.18750,0.14583,0.20648,0.00000,0.00000,0.96528,0.43257,0.02083,0.00000,0.27968
visual_counterfactual,language_prior_policy,4,48,0.68750,0.14583,0.10417,0.20587,0.00000,0.00000,0.93056,0.37713,0.12500,0.00000,0.30048
visual_counterfactual,language_prior_policy,5,48,0.60417,0.14583,0.25000,0.20050,0.00000,0.00000,0.94444,0.38421,0.10417,0.00000,0.30826
visual_counterfactual,language_prior_policy,6,48,0.70833,0.12500,0.12500,0.20811,0.00000,0.00000,0.93056,0.37746,0.08333,0.00000,0.33754
visual_counterfactual,language_prior_policy,7,48,0.68750,0.12500,0.10417,0.21978,0.00000,0.00000,0.90972,0.37905,0.08333,0.00000,0.32083
visual_counterfactual,language_prior_policy,8,48,0.68750,0.20833,0.10417,0.20076,0.00000,0.00000,0.91667,0.39711,0.14583,0.00000,0.31756
visual_counterfactual,language_prior_policy,9,48,0.58333,0.31250,0.10417,0.20503,0.00000,0.00000,0.93056,0.35148,0.12500,0.00000,0.29763
visual_counterfactual,vision_language_policy,0,48,0.54167,0.20833,0.14583,0.24660,0.00000,0.00000,0.70833,0.36500,0.00000,0.00000,0.39068
visual_counterfactual,vision_language_policy,1,48,0.45833,0.27083,0.25000,0.25419,0.00000,0.00000,0.67361,0.31667,0.06250,0.00000,0.36679
visual_counterfactual,vision_language_policy,2,48,0.58333,0.20833,0.14583,0.24666,0.00000,0.00000,0.75695,0.41354,0.00000,0.00000,0.38714
visual_counterfactual,vision_language_policy,3,48,0.50000,0.27083,0.18750,0.26324,0.00000,0.00000,0.65278,0.30755,0.02083,0.00000,0.36279
visual_counterfactual,vision_language_policy,4,48,0.35417,0.31250,0.18750,0.28477,0.00000,0.00000,0.73611,0.39838,0.04167,0.00000,0.38361
visual_counterfactual,vision_language_policy,5,48,0.52083,0.14583,0.31250,0.24582,0.00000,0.00000,0.75695,0.40638,0.04167,0.00000,0.40742
visual_counterfactual,vision_language_policy,6,48,0.58333,0.25000,0.06250,0.24299,0.00000,0.00000,0.77778,0.39299,0.04167,0.00000,0.37223
visual_counterfactual,vision_language_policy,7,48,0.52083,0.20833,0.16667,0.26109,0.00000,0.00000,0.69445,0.39418,0.00000,0.00000,0.36078
visual_counterfactual,vision_language_policy,8,48,0.41667,0.39583,0.08333,0.25280,0.00000,0.00000,0.73611,0.42419,0.04167,0.00000,0.36128
visual_counterfactual,vision_language_policy,9,48,0.47917,0.27083,0.22917,0.24692,0.00000,0.00000,0.74306,0.39997,0.06250,0.00000,0.43096
visual_counterfactual,uncertainty_threshold_policy,0,48,0.47917,0.06250,0.22917,0.29730,0.00000,0.00000,0.70833,0.36500,0.00000,0.00000,0.45948
visual_counterfactual,uncertainty_threshold_policy,1,48,0.43750,0.14583,0.33333,0.29853,0.00000,0.00000,0.67361,0.31667,0.06250,0.00000,0.50512
visual_counterfactual,uncertainty_threshold_policy,2,48,0.41667,0.08333,0.33333,0.30977,0.00000,0.00000,0.75695,0.41354,0.00000,0.00000,0.48336
visual_counterfactual,uncertainty_threshold_policy,3,48,0.41667,0.06250,0.33333,0.30709,0.00000,0.00000,0.65278,0.30755,0.02083,0.00000,0.47367
visual_counterfactual,uncertainty_threshold_policy,4,48,0.22917,0.22917,0.31250,0.34082,0.00000,0.00000,0.73611,0.39838,0.06250,0.00000,0.49927
visual_counterfactual,uncertainty_threshold_policy,5,48,0.39583,0.06250,0.43750,0.31233,0.00000,0.00000,0.75695,0.40638,0.06250,0.00000,0.53166
visual_counterfactual,uncertainty_threshold_policy,6,48,0.35417,0.16667,0.31250,0.29148,0.00000,0.00000,0.77778,0.39299,0.10417,0.00000,0.43398
visual_counterfactual,uncertainty_threshold_policy,7,48,0.31250,0.10417,0.29167,0.32398,0.00000,0.00000,0.69445,0.39418,0.02083,0.00000,0.47834
visual_counterfactual,uncertainty_threshold_policy,8,48,0.54167,0.10417,0.14583,0.27297,0.00000,0.00000,0.73611,0.42419,0.04167,0.00000,0.38595
visual_counterfactual,uncertainty_threshold_policy,9,48,0.45833,0.06250,0.39583,0.29178,0.00000,0.00000,0.74306,0.39997,0.04167,0.00000,0.44221
visual_counterfactual,passive_tactile_classifier,0,48,0.64583,0.14583,0.12500,0.20662,2.00000,0.24000,0.86806,0.42655,0.00000,0.00000,0.31054
visual_counterfactual,passive_tactile_classifier,1,48,0.64583,0.18750,0.14583,0.21350,2.00000,0.24000,0.83333,0.39775,0.00000,0.00000,0.31172
visual_counterfactual,passive_tactile_classifier,2,48,0.72917,0.12500,0.10417,0.20620,2.00000,0.24000,0.88195,0.41956,0.00000,0.00000,0.30542
visual_counterfactual,passive_tactile_classifier,3,48,0.68750,0.12500,0.14583,0.22106,2.00000,0.24000,0.83333,0.41165,0.00000,0.00000,0.30578
visual_counterfactual,passive_tactile_classifier,4,48,0.54167,0.22917,0.14583,0.24160,2.00000,0.24000,0.87500,0.43433,0.00000,0.00000,0.34680
visual_counterfactual,passive_tactile_classifier,5,48,0.64583,0.10417,0.20833,0.21440,2.00000,0.24000,0.85417,0.40599,0.02083,0.00000,0.36502
visual_counterfactual,passive_tactile_classifier,6,48,0.70833,0.20833,0.04167,0.20779,2.00000,0.24000,0.88889,0.43961,0.00000,0.00000,0.32190
visual_counterfactual,passive_tactile_classifier,7,48,0.66667,0.14583,0.08333,0.21924,2.00000,0.24000,0.82639,0.40416,0.00000,0.00000,0.32940
visual_counterfactual,passive_tactile_classifier,8,48,0.64583,0.22917,0.06250,0.20431,2.00000,0.24000,0.87500,0.42998,0.02083,0.00000,0.31690
visual_counterfactual,passive_tactile_classifier,9,48,0.72917,0.12500,0.14583,0.20166,2.00000,0.24000,0.85417,0.38582,0.02083,0.00000,0.30645
visual_counterfactual,greedy_active_touch,0,48,0.72917,0.14583,0.12500,0.17966,2.00000,0.25188,0.88889,0.35495,0.00000,0.00000,0.29766
visual_counterfactual,greedy_active_touch,1,48,0.52083,0.22917,0.25000,0.21985,2.00000,0.26312,0.80556,0.29469,0.06250,0.00000,0.35034
visual_counterfactual,greedy_active_touch,2,48,0.75000,0.16667,0.06250,0.18902,2.00000,0.26292,0.90278,0.38958,0.02083,0.00000,0.28868
visual_counterfactual,greedy_active_touch,3,48,0.60417,0.22917,0.10417,0.21241,2.00000,0.25896,0.82639,0.35144,0.02083,0.00000,0.31625
visual_counterfactual,greedy_active_touch,4,48,0.52083,0.25000,0.12500,0.23491,2.00000,0.25729,0.83333,0.33171,0.06250,0.00000,0.33379
visual_counterfactual,greedy_active_touch,5,48,0.56250,0.16667,0.25000,0.20566,2.00000,0.26083,0.89583,0.39932,0.02083,0.00000,0.32266
visual_counterfactual,greedy_active_touch,6,48,0.70833,0.18750,0.06250,0.19109,2.00000,0.26333,0.89583,0.38540,0.02083,0.00000,0.30922
visual_counterfactual,greedy_active_touch,7,48,0.60417,0.20833,0.08333,0.20866,2.00000,0.26021,0.83333,0.36975,0.00000,0.00000,0.34319
visual_counterfactual,greedy_active_touch,8,48,0.66667,0.25000,0.04167,0.19869,2.00000,0.26271,0.84722,0.34716,0.02083,0.00000,0.29918
visual_counterfactual,greedy_active_touch,9,48,0.60417,0.20833,0.18750,0.19842,2.00000,0.26458,0.85417,0.34879,0.02083,0.00000,0.38611
visual_counterfactual,strong_tactile_then_policy,0,48,0.77083,0.16667,0.06250,0.13840,6.00000,0.79000,0.99306,0.42741,0.00000,0.00000,0.21746
visual_counterfactual,strong_tactile_then_policy,1,48,0.83333,0.10417,0.06250,0.14695,6.00000,0.79000,0.97917,0.40554,0.00000,0.00000,0.22609
visual_counterfactual,strong_tactile_then_policy,2,48,0.87500,0.08333,0.04167,0.14627,6.00000,0.79000,0.98611,0.40915,0.00000,0.00000,0.21409
visual_counterfactual,strong_tactile_then_policy,3,48,0.72917,0.18750,0.06250,0.16275,6.00000,0.79000,0.97222,0.45217,0.00000,0.00000,0.25216
visual_counterfactual,strong_tactile_then_policy,4,48,0.70833,0.25000,0.04167,0.16157,6.00000,0.79000,0.97917,0.42812,0.00000,0.00000,0.23579
visual_counterfactual,strong_tactile_then_policy,5,48,0.75000,0.10417,0.14583,0.15966,6.00000,0.79000,0.98611,0.44052,0.00000,0.00000,0.25062
visual_counterfactual,strong_tactile_then_policy,6,48,0.81250,0.14583,0.02083,0.15695,6.00000,0.79000,0.97222,0.41353,0.00000,0.00000,0.23072
visual_counterfactual,strong_tactile_then_policy,7,48,0.85417,0.10417,0.02083,0.15643,6.00000,0.79000,0.97917,0.45638,0.00000,0.00000,0.22651
visual_counterfactual,strong_tactile_then_policy,8,48,0.79167,0.16667,0.04167,0.14522,6.00000,0.79000,1.00000,0.43550,0.00000,0.00000,0.20989
visual_counterfactual,strong_tactile_then_policy,9,48,0.79167,0.12500,0.08333,0.14080,6.00000,0.79000,0.99306,0.40494,0.00000,0.00000,0.22446
visual_counterfactual,risk_aware_touch_policy,0,48,0.75000,0.06250,0.16667,0.18423,2.00000,0.23750,0.93750,0.35566,0.02083,0.00000,0.29589
visual_counterfactual,risk_aware_touch_policy,1,48,0.66667,0.08333,0.25000,0.19402,2.00000,0.23354,0.90972,0.29431,0.12500,0.00000,0.31346
visual_counterfactual,risk_aware_touch_policy,2,48,0.70833,0.08333,0.14583,0.19496,2.00000,0.24063,0.95833,0.36289,0.06250,0.00000,0.31005
visual_counterfactual,risk_aware_touch_policy,3,48,0.68750,0.08333,0.18750,0.21025,2.00000,0.24396,0.91667,0.34798,0.02083,0.00000,0.32243
visual_counterfactual,risk_aware_touch_policy,4,48,0.62500,0.12500,0.14583,0.21027,2.00000,0.23937,0.90972,0.33508,0.06250,0.00000,0.32376
visual_counterfactual,risk_aware_touch_policy,5,48,0.64583,0.08333,0.27083,0.22207,2.00000,0.23479,0.92361,0.36839,0.06250,0.00000,0.37718
visual_counterfactual,risk_aware_touch_policy,6,48,0.79167,0.08333,0.06250,0.18714,2.00000,0.23958,0.95833,0.38981,0.06250,0.00000,0.29292
visual_counterfactual,risk_aware_touch_policy,7,48,0.72917,0.08333,0.12500,0.19768,2.00000,0.23958,0.89583,0.35177,0.02083,0.00000,0.30547
visual_counterfactual,risk_aware_touch_policy,8,48,0.75000,0.10417,0.08333,0.18712,2.00000,0.23417,0.90278,0.32908,0.02083,0.00000,0.32617
visual_counterfactual,risk_aware_touch_policy,9,48,0.68750,0.06250,0.25000,0.20366,2.00000,0.23333,0.93750,0.34050,0.06250,0.00000,0.35094
visual_counterfactual,budgeted_information_gain,0,48,0.68750,0.22917,0.08333,0.15628,3.00000,0.35771,0.99306,0.39200,0.04167,0.00000,0.23442
visual_counterfactual,budgeted_information_gain,1,48,0.68750,0.25000,0.06250,0.15999,3.00000,0.35125,0.99306,0.38085,0.06250,0.00000,0.24435
visual_counterfactual,budgeted_information_gain,2,48,0.77083,0.16667,0.06250,0.16070,3.00000,0.35708,0.98611,0.37457,0.04167,0.00000,0.24045
visual_counterfactual,budgeted_information_gain,3,48,0.70833,0.20833,0.08333,0.17948,3.00000,0.35375,0.99306,0.43064,0.02083,0.00000,0.28272
visual_counterfactual,budgeted_information_gain,4,48,0.66667,0.27083,0.08333,0.17660,3.00000,0.35396,0.98611,0.39190,0.04167,0.00000,0.24469
visual_counterfactual,budgeted_information_gain,5,48,0.58333,0.25000,0.20833,0.17663,3.00000,0.35708,0.98611,0.40793,0.06250,0.00000,0.26963
visual_counterfactual,budgeted_information_gain,6,48,0.75000,0.20833,0.02083,0.17396,3.00000,0.35896,0.98611,0.39909,0.04167,0.00000,0.26208
visual_counterfactual,budgeted_information_gain,7,48,0.75000,0.18750,0.06250,0.16486,3.00000,0.35938,0.99306,0.42740,0.04167,0.00000,0.24376
visual_counterfactual,budgeted_information_gain,8,48,0.68750,0.25000,0.08333,0.15919,3.00000,0.35938,1.00000,0.39506,0.04167,0.00000,0.24005
visual_counterfactual,budgeted_information_gain,9,48,0.62500,0.29167,0.10417,0.15732,3.00000,0.35646,0.99306,0.36894,0.04167,0.00000,0.26403
visual_counterfactual,calibrated_debt_threshold,0,48,0.79167,0.04167,0.14583,0.17835,1.95833,0.23021,0.93750,0.36673,0.02083,0.00000,0.29626
visual_counterfactual,calibrated_debt_threshold,1,48,0.75000,0.06250,0.18750,0.18355,1.93750,0.22354,0.95833,0.36780,0.08333,0.00000,0.25666
visual_counterfactual,calibrated_debt_threshold,2,48,0.75000,0.04167,0.16667,0.19310,1.97917,0.23833,0.96528,0.39747,0.04167,0.00000,0.28907
visual_counterfactual,calibrated_debt_threshold,3,48,0.75000,0.04167,0.16667,0.20120,1.97917,0.24333,0.94444,0.40475,0.02083,0.00000,0.28918
visual_counterfactual,calibrated_debt_threshold,4,48,0.68750,0.10417,0.14583,0.20329,1.93750,0.23146,0.93750,0.37211,0.02083,0.00000,0.31262
visual_counterfactual,calibrated_debt_threshold,5,48,0.64583,0.06250,0.29167,0.21031,1.95833,0.23000,0.94444,0.41233,0.06250,0.00000,0.33155
visual_counterfactual,calibrated_debt_threshold,6,48,0.79167,0.12500,0.06250,0.18382,1.97917,0.23333,0.96528,0.41008,0.02083,0.00000,0.25550
visual_counterfactual,calibrated_debt_threshold,7,48,0.75000,0.04167,0.14583,0.19282,1.97917,0.23292,0.93056,0.41594,0.02083,0.00000,0.28326
visual_counterfactual,calibrated_debt_threshold,8,48,0.77083,0.10417,0.08333,0.18291,1.93750,0.23229,0.93056,0.36823,0.02083,0.00000,0.28853
visual_counterfactual,calibrated_debt_threshold,9,48,0.75000,0.06250,0.18750,0.19475,1.93750,0.22500,0.93056,0.35235,0.06250,0.00000,0.32137
visual_counterfactual,counterfactual_material_filter,0,48,0.75000,0.10417,0.12500,0.15884,2.62500,0.31167,0.99306,0.36881,0.06250,0.00000,0.28821
visual_counterfactual,counterfactual_material_filter,1,48,0.70833,0.12500,0.16667,0.16938,2.45833,0.28542,0.97917,0.33604,0.12500,0.00000,0.24733
visual_counterfactual,counterfactual_material_filter,2,48,0.72917,0.12500,0.10417,0.18009,2.58333,0.31354,0.97917,0.34582,0.06250,0.00000,0.26447
visual_counterfactual,counterfactual_material_filter,3,48,0.72917,0.12500,0.14583,0.18641,2.58333,0.31104,0.98611,0.39693,0.02083,0.00000,0.27626
visual_counterfactual,counterfactual_material_filter,4,48,0.77083,0.12500,0.10417,0.17928,2.45833,0.28979,0.98611,0.37885,0.04167,0.00000,0.23168
visual_counterfactual,counterfactual_material_filter,5,48,0.66667,0.08333,0.25000,0.19238,2.56250,0.30792,0.98611,0.38083,0.08333,0.00000,0.28800
visual_counterfactual,counterfactual_material_filter,6,48,0.79167,0.12500,0.06250,0.17574,2.54167,0.30521,0.97917,0.36059,0.04167,0.00000,0.24187
visual_counterfactual,counterfactual_material_filter,7,48,0.75000,0.14583,0.08333,0.16517,2.68750,0.32021,0.99306,0.40718,0.04167,0.00000,0.24515
visual_counterfactual,counterfactual_material_filter,8,48,0.68750,0.20833,0.08333,0.16121,2.68750,0.31625,0.99306,0.36564,0.04167,0.00000,0.23519
visual_counterfactual,counterfactual_material_filter,9,48,0.62500,0.18750,0.20833,0.17180,2.60417,0.30917,0.99306,0.35657,0.04167,0.00000,0.26728
visual_counterfactual,grounding_debt_planner_v5,0,48,0.83333,0.02083,0.12500,0.16086,2.91667,0.34563,0.99306,0.37715,0.02083,0.00000,0.28110
visual_counterfactual,grounding_debt_planner_v5,1,48,0.77083,0.06250,0.16667,0.17081,2.89583,0.34250,0.98611,0.35844,0.08333,0.00000,0.25325
visual_counterfactual,grounding_debt_planner_v5,2,48,0.83333,0.04167,0.10417,0.17305,2.93750,0.34979,0.98611,0.36003,0.04167,0.00000,0.24988
visual_counterfactual,grounding_debt_planner_v5,3,48,0.81250,0.04167,0.12500,0.18521,2.93750,0.34896,0.99306,0.41130,0.00000,0.00000,0.27578
visual_counterfactual,grounding_debt_planner_v5,4,48,0.79167,0.06250,0.12500,0.18125,2.91667,0.34542,0.99306,0.38846,0.04167,0.00000,0.23781
visual_counterfactual,grounding_debt_planner_v5,5,48,0.66667,0.08333,0.25000,0.19050,2.93750,0.34875,0.99306,0.39828,0.02083,0.00000,0.28831
visual_counterfactual,grounding_debt_planner_v5,6,48,0.83333,0.08333,0.06250,0.17130,2.97917,0.35521,1.00000,0.40043,0.02083,0.00000,0.24427
visual_counterfactual,grounding_debt_planner_v5,7,48,0.87500,0.02083,0.08333,0.15949,2.95833,0.35208,1.00000,0.41466,0.02083,0.00000,0.22515
visual_counterfactual,grounding_debt_planner_v5,8,48,0.81250,0.08333,0.08333,0.16057,2.95833,0.35313,0.99306,0.37027,0.00000,0.00000,0.23519
visual_counterfactual,grounding_debt_planner_v5,9,48,0.72917,0.06250,0.20833,0.16783,2.93750,0.34875,1.00000,0.36541,0.04167,0.00000,0.26728
visual_counterfactual,oracle_tactile_upper_bound,0,48,1.00000,0.00000,0.00000,0.01219,0.00000,0.00000,1.00000,0.04000,0.00000,0.00000,0.01667
visual_counterfactual,oracle_tactile_upper_bound,1,48,1.00000,0.00000,0.00000,0.01204,0.00000,0.00000,1.00000,0.04000,0.00000,0.00000,0.01632
visual_counterfactual,oracle_tactile_upper_bound,2,48,1.00000,0.00000,0.00000,0.01311,0.00000,0.00000,1.00000,0.04000,0.00000,0.00000,0.01797
visual_counterfactual,oracle_tactile_upper_bound,3,48,1.00000,0.00000,0.00000,0.01302,0.00000,0.00000,1.00000,0.04000,0.00000,0.00000,0.01725
visual_counterfactual,oracle_tactile_upper_bound,4,48,1.00000,0.00000,0.00000,0.01344,0.00000,0.00000,1.00000,0.04000,0.00000,0.00000,0.01732
visual_counterfactual,oracle_tactile_upper_bound,5,48,1.00000,0.00000,0.00000,0.01269,0.00000,0.00000,1.00000,0.04000,0.00000,0.00000,0.01711
visual_counterfactual,oracle_tactile_upper_bound,6,48,1.00000,0.00000,0.00000,0.01295,0.00000,0.00000,1.00000,0.04000,0.00000,0.00000,0.01706
visual_counterfactual,oracle_tactile_upper_bound,7,48,1.00000,0.00000,0.00000,0.01269,0.00000,0.00000,1.00000,0.04000,0.00000,0.00000,0.01630
visual_counterfactual,oracle_tactile_upper_bound,8,48,1.00000,0.00000,0.00000,0.01247,0.00000,0.00000,1.00000,0.04000,0.00000,0.00000,0.01680
visual_counterfactual,oracle_tactile_upper_bound,9,48,1.00000,0.00000,0.00000,0.01275,0.00000,0.00000,1.00000,0.04000,0.00000,0.00000,0.01714
tactile_necessary_ambiguity,language_prior_policy,0,48,0.54167,0.25000,0.14583,0.23887,0.00000,0.00000,0.88889,0.49737,0.02083,0.00000,0.35627
tactile_necessary_ambiguity,language_prior_policy,1,48,0.45833,0.35417,0.12500,0.26487,0.00000,0.00000,0.81250,0.42360,0.06250,0.00000,0.35046
tactile_necessary_ambiguity,language_prior_policy,2,48,0.50000,0.39583,0.10417,0.25260,0.00000,0.00000,0.85417,0.46171,0.08333,0.00000,0.39950
tactile_necessary_ambiguity,language_prior_policy,3,48,0.56250,0.29167,0.12500,0.24260,0.00000,0.00000,0.89583,0.48548,0.02083,0.00000,0.34096
tactile_necessary_ambiguity,language_prior_policy,4,48,0.45833,0.31250,0.20833,0.24417,0.00000,0.00000,0.88195,0.48109,0.06250,0.00000,0.35065
tactile_necessary_ambiguity,language_prior_policy,5,48,0.70833,0.12500,0.10417,0.22061,0.00000,0.00000,0.94444,0.48011,0.06250,0.00000,0.32047
tactile_necessary_ambiguity,language_prior_policy,6,48,0.60417,0.18750,0.18750,0.22869,0.00000,0.00000,0.88194,0.50474,0.02083,0.00000,0.31563
tactile_necessary_ambiguity,language_prior_policy,7,48,0.62500,0.12500,0.22917,0.22746,0.00000,0.00000,0.95833,0.52333,0.00000,0.00000,0.34487
tactile_necessary_ambiguity,language_prior_policy,8,48,0.45833,0.20833,0.29167,0.23817,0.00000,0.00000,0.91667,0.51758,0.02083,0.00000,0.34479
tactile_necessary_ambiguity,language_prior_policy,9,48,0.62500,0.22917,0.12500,0.25080,0.00000,0.00000,0.84028,0.47080,0.04167,0.00000,0.34368
tactile_necessary_ambiguity,vision_language_policy,0,48,0.60417,0.25000,0.12500,0.21506,0.00000,0.00000,0.86806,0.40483,0.06250,0.00000,0.31769
tactile_necessary_ambiguity,vision_language_policy,1,48,0.43750,0.39583,0.10417,0.24837,0.00000,0.00000,0.79167,0.38454,0.12500,0.00000,0.34190
tactile_necessary_ambiguity,vision_language_policy,2,48,0.56250,0.35417,0.06250,0.23652,0.00000,0.00000,0.79861,0.37572,0.00000,0.00000,0.33419
tactile_necessary_ambiguity,vision_language_policy,3,48,0.52083,0.29167,0.14583,0.24964,0.00000,0.00000,0.82639,0.41424,0.06250,0.00000,0.33294
tactile_necessary_ambiguity,vision_language_policy,4,48,0.45833,0.27083,0.20833,0.23616,0.00000,0.00000,0.82639,0.40068,0.04167,0.00000,0.36722
tactile_necessary_ambiguity,vision_language_policy,5,48,0.66667,0.12500,0.12500,0.22269,0.00000,0.00000,0.81945,0.38097,0.06250,0.00000,0.30473
tactile_necessary_ambiguity,vision_language_policy,6,48,0.70833,0.10417,0.16667,0.21200,0.00000,0.00000,0.83333,0.43704,0.00000,0.00000,0.32141
tactile_necessary_ambiguity,vision_language_policy,7,48,0.60417,0.16667,0.20833,0.22314,0.00000,0.00000,0.80556,0.37793,0.04167,0.00000,0.33805
tactile_necessary_ambiguity,vision_language_policy,8,48,0.56250,0.16667,0.27083,0.24282,0.00000,0.00000,0.85417,0.44714,0.02083,0.00000,0.36277
tactile_necessary_ambiguity,vision_language_policy,9,48,0.68750,0.10417,0.12500,0.21988,0.00000,0.00000,0.79861,0.37972,0.02083,0.00000,0.36123
tactile_necessary_ambiguity,uncertainty_threshold_policy,0,48,0.45833,0.06250,0.41667,0.27226,0.00000,0.00000,0.86806,0.40483,0.04167,0.00000,0.45391
tactile_necessary_ambiguity,uncertainty_threshold_policy,1,48,0.39583,0.14583,0.33333,0.29384,0.00000,0.00000,0.79167,0.38454,0.14583,0.00000,0.46066
tactile_necessary_ambiguity,uncertainty_threshold_policy,2,48,0.52083,0.12500,0.20833,0.24926,0.00000,0.00000,0.79861,0.37572,0.04167,0.00000,0.39343
tactile_necessary_ambiguity,uncertainty_threshold_policy,3,48,0.33333,0.16667,0.31250,0.28859,0.00000,0.00000,0.82639,0.41424,0.14583,0.00000,0.41589
tactile_necessary_ambiguity,uncertainty_threshold_policy,4,48,0.41667,0.08333,0.35417,0.28925,0.00000,0.00000,0.82639,0.40068,0.02083,0.00000,0.46823
tactile_necessary_ambiguity,uncertainty_threshold_policy,5,48,0.43750,0.06250,0.33333,0.26794,0.00000,0.00000,0.81945,0.38097,0.08333,0.00000,0.42059
tactile_necessary_ambiguity,uncertainty_threshold_policy,6,48,0.43750,0.02083,0.37500,0.28810,0.00000,0.00000,0.83333,0.43704,0.02083,0.00000,0.41772
tactile_necessary_ambiguity,uncertainty_threshold_policy,7,48,0.52083,0.08333,0.31250,0.27947,0.00000,0.00000,0.80556,0.37793,0.06250,0.00000,0.46078
tactile_necessary_ambiguity,uncertainty_threshold_policy,8,48,0.43750,0.06250,0.41667,0.30500,0.00000,0.00000,0.85417,0.44714,0.00000,0.00000,0.49736
tactile_necessary_ambiguity,uncertainty_threshold_policy,9,48,0.45833,0.06250,0.31250,0.29295,0.00000,0.00000,0.79861,0.37972,0.02083,0.00000,0.47137
tactile_necessary_ambiguity,passive_tactile_classifier,0,48,0.64583,0.18750,0.14583,0.19903,2.00000,0.24000,0.93750,0.44284,0.02083,0.00000,0.29221
tactile_necessary_ambiguity,passive_tactile_classifier,1,48,0.52083,0.33333,0.10417,0.22888,2.00000,0.24000,0.86111,0.43727,0.02083,0.00000,0.31430
tactile_necessary_ambiguity,passive_tactile_classifier,2,48,0.58333,0.35417,0.04167,0.21933,2.00000,0.24000,0.85417,0.39895,0.00000,0.00000,0.31283
tactile_necessary_ambiguity,passive_tactile_classifier,3,48,0.70833,0.20833,0.04167,0.22566,2.00000,0.24000,0.90972,0.47377,0.02083,0.00000,0.32522
tactile_necessary_ambiguity,passive_tactile_classifier,4,48,0.64583,0.18750,0.14583,0.20001,2.00000,0.24000,0.90972,0.42199,0.00000,0.00000,0.31269
tactile_necessary_ambiguity,passive_tactile_classifier,5,48,0.68750,0.16667,0.12500,0.20779,2.00000,0.24000,0.90972,0.43595,0.04167,0.00000,0.29933
tactile_necessary_ambiguity,passive_tactile_classifier,6,48,0.79167,0.10417,0.10417,0.18233,2.00000,0.24000,0.95139,0.49415,0.00000,0.00000,0.26082
tactile_necessary_ambiguity,passive_tactile_classifier,7,48,0.66667,0.16667,0.14583,0.19555,2.00000,0.24000,0.88195,0.41210,0.02083,0.00000,0.27714
tactile_necessary_ambiguity,passive_tactile_classifier,8,48,0.64583,0.16667,0.18750,0.21489,2.00000,0.24000,0.89583,0.40628,0.00000,0.00000,0.33254
tactile_necessary_ambiguity,passive_tactile_classifier,9,48,0.75000,0.12500,0.04167,0.20881,2.00000,0.24000,0.86111,0.42969,0.02083,0.00000,0.31488
tactile_necessary_ambiguity,greedy_active_touch,0,48,0.56250,0.35417,0.08333,0.18673,2.00000,0.26354,0.92361,0.39538,0.04167,0.00000,0.25483
tactile_necessary_ambiguity,greedy_active_touch,1,48,0.52083,0.35417,0.10417,0.20224,2.00000,0.26417,0.93750,0.43852,0.06250,0.00000,0.31479
tactile_necessary_ambiguity,greedy_active_touch,2,48,0.56250,0.39583,0.06250,0.19561,2.00000,0.26292,0.89583,0.37110,0.00000,0.00000,0.29638
tactile_necessary_ambiguity,greedy_active_touch,3,48,0.56250,0.37500,0.04167,0.19591,2.00000,0.26750,0.91667,0.41794,0.10417,0.00000,0.28058
tactile_necessary_ambiguity,greedy_active_touch,4,48,0.56250,0.29167,0.12500,0.18720,2.00000,0.27208,0.88194,0.37190,0.02083,0.00000,0.33169
tactile_necessary_ambiguity,greedy_active_touch,5,48,0.70833,0.18750,0.08333,0.17812,2.00000,0.26021,0.91667,0.37402,0.08333,0.00000,0.27078
tactile_necessary_ambiguity,greedy_active_touch,6,48,0.68750,0.18750,0.12500,0.16898,2.00000,0.26438,0.92361,0.41206,0.00000,0.00000,0.25010
tactile_necessary_ambiguity,greedy_active_touch,7,48,0.56250,0.27083,0.14583,0.18242,2.00000,0.27063,0.92361,0.38208,0.06250,0.00000,0.25839
tactile_necessary_ambiguity,greedy_active_touch,8,48,0.52083,0.27083,0.20833,0.19439,2.00000,0.26500,0.90278,0.40652,0.02083,0.00000,0.29259
tactile_necessary_ambiguity,greedy_active_touch,9,48,0.72917,0.14583,0.04167,0.18849,2.00000,0.26458,0.88889,0.37981,0.04167,0.00000,0.35674
tactile_necessary_ambiguity,strong_tactile_then_policy,0,48,0.41667,0.54167,0.06250,0.17006,6.00000,0.79000,0.97917,0.45041,0.00000,0.00000,0.24252
tactile_necessary_ambiguity,strong_tactile_then_policy,1,48,0.39583,0.50000,0.10417,0.19000,6.00000,0.79000,0.97222,0.48535,0.00000,0.00000,0.25257
tactile_necessary_ambiguity,strong_tactile_then_policy,2,48,0.41667,0.52083,0.06250,0.18119,6.00000,0.79000,0.95139,0.43854,0.00000,0.00000,0.25412
tactile_necessary_ambiguity,strong_tactile_then_policy,3,48,0.54167,0.41667,0.02083,0.18148,6.00000,0.79000,0.93750,0.43366,0.00000,0.00000,0.25909
tactile_necessary_ambiguity,strong_tactile_then_policy,4,48,0.56250,0.31250,0.12500,0.17268,6.00000,0.79000,0.95833,0.42857,0.00000,0.00000,0.25489
tactile_necessary_ambiguity,strong_tactile_then_policy,5,48,0.58333,0.35417,0.06250,0.16800,6.00000,0.79000,0.95833,0.42281,0.02083,0.00000,0.24510
tactile_necessary_ambiguity,strong_tactile_then_policy,6,48,0.62500,0.29167,0.08333,0.15015,6.00000,0.79000,0.97917,0.44806,0.00000,0.00000,0.22390
tactile_necessary_ambiguity,strong_tactile_then_policy,7,48,0.58333,0.35417,0.06250,0.16700,6.00000,0.79000,0.99306,0.45132,0.02083,0.00000,0.25350
tactile_necessary_ambiguity,strong_tactile_then_policy,8,48,0.45833,0.43750,0.12500,0.17886,6.00000,0.79000,0.95833,0.44304,0.00000,0.00000,0.25613
tactile_necessary_ambiguity,strong_tactile_then_policy,9,48,0.60417,0.33333,0.06250,0.16384,6.00000,0.79000,0.97222,0.46445,0.00000,0.00000,0.22943
tactile_necessary_ambiguity,risk_aware_touch_policy,0,48,0.83333,0.06250,0.08333,0.18401,2.00000,0.23396,0.95833,0.39679,0.04167,0.00000,0.25531
tactile_necessary_ambiguity,risk_aware_touch_policy,1,48,0.66667,0.20833,0.12500,0.19864,2.00000,0.23187,0.95833,0.43205,0.06250,0.00000,0.28780
tactile_necessary_ambiguity,risk_aware_touch_policy,2,48,0.79167,0.12500,0.08333,0.20272,2.00000,0.23813,0.91667,0.39004,0.02083,0.00000,0.30579
tactile_necessary_ambiguity,risk_aware_touch_policy,3,48,0.79167,0.10417,0.10417,0.19947,2.00000,0.23583,0.92361,0.40328,0.06250,0.00000,0.26730
tactile_necessary_ambiguity,risk_aware_touch_policy,4,48,0.70833,0.10417,0.16667,0.18916,2.00000,0.23792,0.92361,0.37478,0.04167,0.00000,0.29376
tactile_necessary_ambiguity,risk_aware_touch_policy,5,48,0.91667,0.02083,0.06250,0.16552,2.00000,0.23000,0.96528,0.40015,0.02083,0.00000,0.21444
tactile_necessary_ambiguity,risk_aware_touch_policy,6,48,0.70833,0.08333,0.18750,0.16975,2.00000,0.24146,0.96528,0.41313,0.04167,0.00000,0.27234
tactile_necessary_ambiguity,risk_aware_touch_policy,7,48,0.87500,0.02083,0.10417,0.17853,2.00000,0.23937,0.96528,0.38871,0.06250,0.00000,0.25980
tactile_necessary_ambiguity,risk_aware_touch_policy,8,48,0.68750,0.08333,0.22917,0.19802,2.00000,0.23521,0.95139,0.41259,0.04167,0.00000,0.31101
tactile_necessary_ambiguity,risk_aware_touch_policy,9,48,0.81250,0.06250,0.08333,0.19044,2.00000,0.23104,0.94444,0.41264,0.02083,0.00000,0.28735
tactile_necessary_ambiguity,budgeted_information_gain,0,48,0.58333,0.33333,0.08333,0.17050,3.00000,0.35708,0.97222,0.43045,0.06250,0.00000,0.25242
tactile_necessary_ambiguity,budgeted_information_gain,1,48,0.54167,0.41667,0.06250,0.19764,3.00000,0.35625,0.97917,0.47968,0.02083,0.00000,0.28914
tactile_necessary_ambiguity,budgeted_information_gain,2,48,0.52083,0.41667,0.06250,0.17937,3.00000,0.35437,0.95139,0.42127,0.04167,0.00000,0.25128
tactile_necessary_ambiguity,budgeted_information_gain,3,48,0.56250,0.39583,0.02083,0.19985,3.00000,0.35833,0.92361,0.40647,0.12500,0.00000,0.27862
tactile_necessary_ambiguity,budgeted_information_gain,4,48,0.58333,0.33333,0.10417,0.18277,3.00000,0.35646,0.95139,0.40380,0.02083,0.00000,0.27540
tactile_necessary_ambiguity,budgeted_information_gain,5,48,0.62500,0.35417,0.02083,0.17011,3.00000,0.35812,0.95833,0.40412,0.12500,0.00000,0.24492
tactile_necessary_ambiguity,budgeted_information_gain,6,48,0.66667,0.22917,0.10417,0.15587,3.00000,0.35708,0.97222,0.42163,0.08333,0.00000,0.22505
tactile_necessary_ambiguity,budgeted_information_gain,7,48,0.52083,0.35417,0.12500,0.16747,3.00000,0.35917,0.99306,0.43565,0.06250,0.00000,0.24726
tactile_necessary_ambiguity,budgeted_information_gain,8,48,0.56250,0.35417,0.08333,0.18347,3.00000,0.35813,0.93750,0.40070,0.10417,0.00000,0.26629
tactile_necessary_ambiguity,budgeted_information_gain,9,48,0.66667,0.25000,0.08333,0.17963,3.00000,0.35771,0.97222,0.44908,0.06250,0.00000,0.26603
tactile_necessary_ambiguity,calibrated_debt_threshold,0,48,0.81250,0.08333,0.08333,0.18168,1.95833,0.22271,0.95139,0.39368,0.02083,0.00000,0.27051
tactile_necessary_ambiguity,calibrated_debt_threshold,1,48,0.68750,0.18750,0.12500,0.19207,2.00000,0.22958,0.96528,0.45611,0.02083,0.00000,0.28264
tactile_necessary_ambiguity,calibrated_debt_threshold,2,48,0.77083,0.14583,0.08333,0.18977,1.95833,0.22875,0.92361,0.38906,0.02083,0.00000,0.28201
tactile_necessary_ambiguity,calibrated_debt_threshold,3,48,0.68750,0.16667,0.12500,0.20418,1.97917,0.22750,0.92361,0.42902,0.08333,0.00000,0.27343
tactile_necessary_ambiguity,calibrated_debt_threshold,4,48,0.75000,0.08333,0.14583,0.18880,1.97917,0.22375,0.93056,0.39147,0.02083,0.00000,0.30702
tactile_necessary_ambiguity,calibrated_debt_threshold,5,48,0.87500,0.02083,0.10417,0.17018,1.87500,0.21146,0.97222,0.41535,0.04167,0.00000,0.24369
tactile_necessary_ambiguity,calibrated_debt_threshold,6,48,0.68750,0.10417,0.18750,0.17592,2.00000,0.23521,0.95139,0.41832,0.06250,0.00000,0.27648
tactile_necessary_ambiguity,calibrated_debt_threshold,7,48,0.85417,0.04167,0.10417,0.17418,1.93750,0.22917,0.97917,0.40236,0.06250,0.00000,0.26306
tactile_necessary_ambiguity,calibrated_debt_threshold,8,48,0.64583,0.08333,0.25000,0.20263,1.97917,0.23062,0.94444,0.41858,0.04167,0.00000,0.31870
tactile_necessary_ambiguity,calibrated_debt_threshold,9,48,0.83333,0.06250,0.08333,0.18868,1.97917,0.22167,0.95833,0.43087,0.04167,0.00000,0.27686
tactile_necessary_ambiguity,counterfactual_material_filter,0,48,0.77083,0.14583,0.06250,0.17093,2.37500,0.27958,0.97222,0.39601,0.02083,0.00000,0.24690
tactile_necessary_ambiguity,counterfactual_material_filter,1,48,0.58333,0.33333,0.14583,0.19415,2.62500,0.31000,0.97917,0.46094,0.04167,0.00000,0.26690
tactile_necessary_ambiguity,counterfactual_material_filter,2,48,0.62500,0.31250,0.06250,0.18454,2.37500,0.28187,0.94444,0.39078,0.02083,0.00000,0.25497
tactile_necessary_ambiguity,counterfactual_material_filter,3,48,0.64583,0.22917,0.10417,0.19963,2.47917,0.29792,0.93056,0.39746,0.10417,0.00000,0.27940
tactile_necessary_ambiguity,counterfactual_material_filter,4,48,0.64583,0.22917,0.14583,0.17849,2.72917,0.32542,0.95139,0.38318,0.02083,0.00000,0.26970
tactile_necessary_ambiguity,counterfactual_material_filter,5,48,0.75000,0.18750,0.10417,0.16827,2.35417,0.27729,0.96528,0.38580,0.08333,0.00000,0.24453
tactile_necessary_ambiguity,counterfactual_material_filter,6,48,0.70833,0.10417,0.18750,0.16465,2.62500,0.31458,0.97222,0.40800,0.08333,0.00000,0.24136
tactile_necessary_ambiguity,counterfactual_material_filter,7,48,0.72917,0.16667,0.10417,0.17096,2.35417,0.28313,0.97917,0.39485,0.04167,0.00000,0.24872
tactile_necessary_ambiguity,counterfactual_material_filter,8,48,0.60417,0.18750,0.20833,0.19289,2.60417,0.31062,0.93750,0.38378,0.08333,0.00000,0.29348
tactile_necessary_ambiguity,counterfactual_material_filter,9,48,0.77083,0.12500,0.10417,0.18547,2.47917,0.28729,0.96528,0.42021,0.04167,0.00000,0.26169
tactile_necessary_ambiguity,grounding_debt_planner_v5,0,48,0.83333,0.06250,0.08333,0.17620,2.87500,0.33813,0.96528,0.41979,0.00000,0.00000,0.26234
tactile_necessary_ambiguity,grounding_debt_planner_v5,1,48,0.64583,0.20833,0.14583,0.19630,2.91667,0.34500,0.97917,0.47334,0.02083,0.00000,0.26859
tactile_necessary_ambiguity,grounding_debt_planner_v5,2,48,0.83333,0.10417,0.06250,0.18592,2.85417,0.33479,0.94444,0.40785,0.00000,0.00000,0.26068
tactile_necessary_ambiguity,grounding_debt_planner_v5,3,48,0.70833,0.16667,0.10417,0.20148,2.89583,0.34146,0.93056,0.41522,0.08333,0.00000,0.27940
tactile_necessary_ambiguity,grounding_debt_planner_v5,4,48,0.75000,0.12500,0.12500,0.17857,2.97917,0.35479,0.95139,0.39685,0.00000,0.00000,0.27396
tactile_necessary_ambiguity,grounding_debt_planner_v5,5,48,0.83333,0.06250,0.10417,0.16565,2.91667,0.34583,0.97222,0.41312,0.02083,0.00000,0.24810
tactile_necessary_ambiguity,grounding_debt_planner_v5,6,48,0.75000,0.06250,0.18750,0.16477,2.93750,0.34875,0.97222,0.42160,0.04167,0.00000,0.24236
tactile_necessary_ambiguity,grounding_debt_planner_v5,7,48,0.81250,0.08333,0.10417,0.17288,2.91667,0.34563,0.97917,0.41350,0.04167,0.00000,0.25052
tactile_necessary_ambiguity,grounding_debt_planner_v5,8,48,0.68750,0.08333,0.20833,0.19777,2.93750,0.34896,0.93750,0.40495,0.08333,0.00000,0.29508
tactile_necessary_ambiguity,grounding_debt_planner_v5,9,48,0.81250,0.06250,0.12500,0.18882,2.89583,0.34167,0.96528,0.44205,0.06250,0.00000,0.25996
tactile_necessary_ambiguity,oracle_tactile_upper_bound,0,48,1.00000,0.00000,0.00000,0.01249,0.00000,0.00000,1.00000,0.04000,0.00000,0.00000,0.01704
tactile_necessary_ambiguity,oracle_tactile_upper_bound,1,48,1.00000,0.00000,0.00000,0.01375,0.00000,0.00000,1.00000,0.04000,0.00000,0.00000,0.01885
tactile_necessary_ambiguity,oracle_tactile_upper_bound,2,48,1.00000,0.00000,0.00000,0.01298,0.00000,0.00000,1.00000,0.04000,0.00000,0.00000,0.01812
tactile_necessary_ambiguity,oracle_tactile_upper_bound,3,48,1.00000,0.00000,0.00000,0.01307,0.00000,0.00000,1.00000,0.04000,0.00000,0.00000,0.01700
tactile_necessary_ambiguity,oracle_tactile_upper_bound,4,48,1.00000,0.00000,0.00000,0.01272,0.00000,0.00000,1.00000,0.04000,0.00000,0.00000,0.01826
tactile_necessary_ambiguity,oracle_tactile_upper_bound,5,48,1.00000,0.00000,0.00000,0.01265,0.00000,0.00000,1.00000,0.04000,0.00000,0.00000,0.01693
tactile_necessary_ambiguity,oracle_tactile_upper_bound,6,48,1.00000,0.00000,0.00000,0.01219,0.00000,0.00000,1.00000,0.04000,0.00000,0.00000,0.01659
tactile_necessary_ambiguity,oracle_tactile_upper_bound,7,48,1.00000,0.00000,0.00000,0.01254,0.00000,0.00000,1.00000,0.04000,0.00000,0.00000,0.01729
tactile_necessary_ambiguity,oracle_tactile_upper_bound,8,48,1.00000,0.00000,0.00000,0.01328,0.00000,0.00000,1.00000,0.04000,0.00000,0.00000,0.01673
tactile_necessary_ambiguity,oracle_tactile_upper_bound,9,48,1.00000,0.00000,0.00000,0.01274,0.00000,0.00000,1.00000,0.04000,0.00000,0.00000,0.01673
material_novelty_shift,language_prior_policy,0,48,0.66667,0.20833,0.12500,0.22181,0.00000,0.00000,0.92361,0.42759,0.04167,0.00000,0.30175
material_novelty_shift,language_prior_policy,1,48,0.72917,0.06250,0.18750,0.20120,0.00000,0.00000,0.95833,0.44534,0.02083,0.00000,0.30002
material_novelty_shift,language_prior_policy,2,48,0.52083,0.31250,0.14583,0.22241,0.00000,0.00000,0.93056,0.44140,0.06250,0.00000,0.35651
material_novelty_shift,language_prior_policy,3,48,0.64583,0.27083,0.08333,0.22335,0.00000,0.00000,0.93750,0.43445,0.06250,0.00000,0.31076
material_novelty_shift,language_prior_policy,4,48,0.62500,0.27083,0.10417,0.20216,0.00000,0.00000,0.98611,0.45256,0.08333,0.00000,0.31681
material_novelty_shift,language_prior_policy,5,48,0.60417,0.16667,0.20833,0.20717,0.00000,0.00000,0.96528,0.46437,0.04167,0.00000,0.30045
material_novelty_shift,language_prior_policy,6,48,0.72917,0.20833,0.04167,0.19576,0.00000,0.00000,0.96528,0.44392,0.04167,0.00000,0.30804
material_novelty_shift,language_prior_policy,7,48,0.56250,0.27083,0.14583,0.21645,0.00000,0.00000,0.97222,0.47960,0.10417,0.00000,0.29857
material_novelty_shift,language_prior_policy,8,48,0.50000,0.27083,0.18750,0.22697,0.00000,0.00000,0.93750,0.40618,0.14583,0.00000,0.31741
material_novelty_shift,language_prior_policy,9,48,0.72917,0.14583,0.08333,0.19979,0.00000,0.00000,0.93056,0.41163,0.10417,0.00000,0.32010
material_novelty_shift,vision_language_policy,0,48,0.60417,0.22917,0.16667,0.23622,0.00000,0.00000,0.86111,0.44530,0.04167,0.00000,0.32648
material_novelty_shift,vision_language_policy,1,48,0.47917,0.22917,0.25000,0.24379,0.00000,0.00000,0.83333,0.46728,0.06250,0.00000,0.33637
material_novelty_shift,vision_language_policy,2,48,0.50000,0.35417,0.14583,0.23348,0.00000,0.00000,0.87500,0.48080,0.00000,0.00000,0.34255
material_novelty_shift,vision_language_policy,3,48,0.50000,0.31250,0.14583,0.23964,0.00000,0.00000,0.85417,0.48083,0.04167,0.00000,0.34419
material_novelty_shift,vision_language_policy,4,48,0.56250,0.25000,0.18750,0.23568,0.00000,0.00000,0.86806,0.43035,0.02083,0.00000,0.33023
material_novelty_shift,vision_language_policy,5,48,0.54167,0.18750,0.18750,0.22767,0.00000,0.00000,0.81945,0.39931,0.04167,0.00000,0.34333
material_novelty_shift,vision_language_policy,6,48,0.60417,0.27083,0.08333,0.23591,0.00000,0.00000,0.83333,0.43605,0.02083,0.00000,0.36183
material_novelty_shift,vision_language_policy,7,48,0.50000,0.29167,0.16667,0.23305,0.00000,0.00000,0.80556,0.40398,0.00000,0.00000,0.33154
material_novelty_shift,vision_language_policy,8,48,0.39583,0.35417,0.22917,0.25379,0.00000,0.00000,0.82639,0.42958,0.02083,0.00000,0.36980
material_novelty_shift,vision_language_policy,9,48,0.62500,0.16667,0.14583,0.22238,0.00000,0.00000,0.84028,0.43752,0.08333,0.00000,0.35563
material_novelty_shift,uncertainty_threshold_policy,0,48,0.47917,0.10417,0.25000,0.26961,0.00000,0.00000,0.86111,0.44530,0.06250,0.00000,0.43654
material_novelty_shift,uncertainty_threshold_policy,1,48,0.43750,0.06250,0.45833,0.29546,0.00000,0.00000,0.83333,0.46728,0.06250,0.00000,0.46706
material_novelty_shift,uncertainty_threshold_policy,2,48,0.43750,0.08333,0.33333,0.27610,0.00000,0.00000,0.87500,0.48080,0.02083,0.00000,0.36741
material_novelty_shift,uncertainty_threshold_policy,3,48,0.37500,0.12500,0.31250,0.28933,0.00000,0.00000,0.85417,0.48083,0.04167,0.00000,0.40647
material_novelty_shift,uncertainty_threshold_policy,4,48,0.37500,0.10417,0.43750,0.28815,0.00000,0.00000,0.86806,0.43035,0.06250,0.00000,0.44475
material_novelty_shift,uncertainty_threshold_policy,5,48,0.37500,0.06250,0.47917,0.29471,0.00000,0.00000,0.81945,0.39931,0.02083,0.00000,0.46671
material_novelty_shift,uncertainty_threshold_policy,6,48,0.33333,0.14583,0.29167,0.29314,0.00000,0.00000,0.83333,0.43605,0.04167,0.00000,0.45659
material_novelty_shift,uncertainty_threshold_policy,7,48,0.43750,0.10417,0.31250,0.26087,0.00000,0.00000,0.80556,0.40398,0.04167,0.00000,0.42521
material_novelty_shift,uncertainty_threshold_policy,8,48,0.45833,0.12500,0.31250,0.28861,0.00000,0.00000,0.82639,0.42958,0.02083,0.00000,0.48103
material_novelty_shift,uncertainty_threshold_policy,9,48,0.41667,0.06250,0.37500,0.27172,0.00000,0.00000,0.84028,0.43752,0.06250,0.00000,0.43225
material_novelty_shift,passive_tactile_classifier,0,48,0.58333,0.25000,0.14583,0.22476,2.00000,0.24000,0.86806,0.44840,0.00000,0.00000,0.33641
material_novelty_shift,passive_tactile_classifier,1,48,0.52083,0.20833,0.22917,0.23044,2.00000,0.24000,0.85417,0.44153,0.00000,0.00000,0.30703
material_novelty_shift,passive_tactile_classifier,2,48,0.56250,0.29167,0.14583,0.22530,2.00000,0.24000,0.88195,0.45159,0.00000,0.00000,0.33703
material_novelty_shift,passive_tactile_classifier,3,48,0.47917,0.31250,0.18750,0.23705,2.00000,0.24000,0.88889,0.47560,0.00000,0.00000,0.34232
material_novelty_shift,passive_tactile_classifier,4,48,0.54167,0.25000,0.18750,0.22976,2.00000,0.24000,0.89583,0.45040,0.02083,0.00000,0.34300
material_novelty_shift,passive_tactile_classifier,5,48,0.60417,0.16667,0.20833,0.21648,2.00000,0.24000,0.88195,0.46514,0.02083,0.00000,0.28879
material_novelty_shift,passive_tactile_classifier,6,48,0.60417,0.25000,0.08333,0.22956,2.00000,0.24000,0.86806,0.46385,0.00000,0.00000,0.33853
material_novelty_shift,passive_tactile_classifier,7,48,0.58333,0.27083,0.10417,0.21681,2.00000,0.24000,0.86806,0.43502,0.00000,0.00000,0.33043
material_novelty_shift,passive_tactile_classifier,8,48,0.39583,0.35417,0.22917,0.24136,2.00000,0.24000,0.87500,0.45622,0.04167,0.00000,0.34432
material_novelty_shift,passive_tactile_classifier,9,48,0.58333,0.18750,0.12500,0.21212,2.00000,0.24000,0.88194,0.43643,0.02083,0.00000,0.34724
material_novelty_shift,greedy_active_touch,0,48,0.56250,0.27083,0.14583,0.20919,2.00000,0.25188,0.88889,0.40888,0.00000,0.00000,0.31871
material_novelty_shift,greedy_active_touch,1,48,0.50000,0.31250,0.16667,0.21595,2.00000,0.26042,0.86806,0.39860,0.02083,0.00000,0.32011
material_novelty_shift,greedy_active_touch,2,48,0.50000,0.41667,0.10417,0.21844,2.00000,0.27167,0.88889,0.43782,0.02083,0.00000,0.33440
material_novelty_shift,greedy_active_touch,3,48,0.54167,0.27083,0.18750,0.20841,2.00000,0.24792,0.91667,0.43668,0.02083,0.00000,0.30717
material_novelty_shift,greedy_active_touch,4,48,0.52083,0.33333,0.14583,0.21544,2.00000,0.27188,0.90278,0.43007,0.02083,0.00000,0.32917
material_novelty_shift,greedy_active_touch,5,48,0.58333,0.22917,0.16667,0.21013,2.00000,0.26333,0.84722,0.36865,0.02083,0.00000,0.31542
material_novelty_shift,greedy_active_touch,6,48,0.54167,0.35417,0.10417,0.21816,2.00000,0.26688,0.86111,0.41248,0.02083,0.00000,0.32753
material_novelty_shift,greedy_active_touch,7,48,0.47917,0.37500,0.10417,0.21293,2.00000,0.26833,0.86806,0.40913,0.00000,0.00000,0.32547
material_novelty_shift,greedy_active_touch,8,48,0.54167,0.33333,0.12500,0.22882,2.00000,0.27021,0.90278,0.41092,0.02083,0.00000,0.35061
material_novelty_shift,greedy_active_touch,9,48,0.64583,0.18750,0.14583,0.20251,2.00000,0.24625,0.86111,0.40884,0.04167,0.00000,0.33025
material_novelty_shift,strong_tactile_then_policy,0,48,0.47917,0.37500,0.12500,0.21595,6.00000,0.79000,0.86806,0.44375,0.00000,0.00000,0.32230
material_novelty_shift,strong_tactile_then_policy,1,48,0.45833,0.39583,0.16667,0.20176,6.00000,0.79000,0.88889,0.42683,0.00000,0.00000,0.29623
material_novelty_shift,strong_tactile_then_policy,2,48,0.45833,0.41667,0.12500,0.21283,6.00000,0.79000,0.89583,0.46781,0.00000,0.00000,0.30975
material_novelty_shift,strong_tactile_then_policy,3,48,0.39583,0.41667,0.18750,0.22927,6.00000,0.79000,0.93056,0.49243,0.00000,0.00000,0.31866
material_novelty_shift,strong_tactile_then_policy,4,48,0.45833,0.41667,0.12500,0.21155,6.00000,0.79000,0.93056,0.49895,0.00000,0.00000,0.29860
material_novelty_shift,strong_tactile_then_policy,5,48,0.47917,0.29167,0.22917,0.21274,6.00000,0.79000,0.87500,0.44390,0.00000,0.00000,0.31333
material_novelty_shift,strong_tactile_then_policy,6,48,0.41667,0.52083,0.06250,0.21299,6.00000,0.79000,0.89583,0.45221,0.00000,0.00000,0.30048
material_novelty_shift,strong_tactile_then_policy,7,48,0.33333,0.47917,0.12500,0.21478,6.00000,0.79000,0.89583,0.47978,0.00000,0.00000,0.31835
material_novelty_shift,strong_tactile_then_policy,8,48,0.47917,0.41667,0.10417,0.21264,6.00000,0.79000,0.92361,0.43874,0.00000,0.00000,0.30476
material_novelty_shift,strong_tactile_then_policy,9,48,0.45833,0.33333,0.14583,0.19757,6.00000,0.79000,0.88889,0.43394,0.00000,0.00000,0.31529
material_novelty_shift,risk_aware_touch_policy,0,48,0.54167,0.27083,0.14583,0.22631,2.00000,0.22792,0.84722,0.36271,0.00000,0.00000,0.34480
material_novelty_shift,risk_aware_touch_policy,1,48,0.58333,0.16667,0.20833,0.22419,1.97917,0.22875,0.89583,0.42670,0.00000,0.00000,0.31942
material_novelty_shift,risk_aware_touch_policy,2,48,0.64583,0.22917,0.12500,0.22422,1.97917,0.23167,0.86111,0.38822,0.02083,0.00000,0.35604
material_novelty_shift,risk_aware_touch_policy,3,48,0.64583,0.16667,0.18750,0.22317,2.00000,0.22937,0.90278,0.42499,0.02083,0.00000,0.34589
material_novelty_shift,risk_aware_touch_policy,4,48,0.58333,0.18750,0.20833,0.23356,1.97917,0.22979,0.93056,0.46584,0.04167,0.00000,0.36101
material_novelty_shift,risk_aware_touch_policy,5,48,0.62500,0.06250,0.29167,0.21012,1.97917,0.22187,0.86111,0.39739,0.02083,0.00000,0.30061
material_novelty_shift,risk_aware_touch_policy,6,48,0.70833,0.16667,0.12500,0.22919,1.97917,0.22104,0.88195,0.39887,0.02083,0.00000,0.37125
material_novelty_shift,risk_aware_touch_policy,7,48,0.60417,0.22917,0.12500,0.21237,1.91667,0.22104,0.88195,0.42826,0.02083,0.00000,0.30915
material_novelty_shift,risk_aware_touch_policy,8,48,0.47917,0.25000,0.27083,0.22753,2.00000,0.23062,0.90278,0.38045,0.14583,0.00000,0.33224
material_novelty_shift,risk_aware_touch_policy,9,48,0.68750,0.08333,0.22917,0.20665,2.00000,0.22562,0.87500,0.39749,0.06250,0.00000,0.29833
material_novelty_shift,budgeted_information_gain,0,48,0.43750,0.43750,0.12500,0.22909,3.00000,0.35792,0.84722,0.41793,0.00000,0.00000,0.34039
material_novelty_shift,budgeted_information_gain,1,48,0.45833,0.39583,0.16667,0.21209,3.00000,0.35875,0.88889,0.41566,0.00000,0.00000,0.31209
material_novelty_shift,budgeted_information_gain,2,48,0.41667,0.47917,0.12500,0.21865,3.00000,0.35542,0.86806,0.42762,0.00000,0.00000,0.32007
material_novelty_shift,budgeted_information_gain,3,48,0.43750,0.39583,0.18750,0.21366,3.00000,0.35833,0.90278,0.45519,0.02083,0.00000,0.31500
material_novelty_shift,budgeted_information_gain,4,48,0.45833,0.41667,0.14583,0.22028,3.00000,0.35604,0.92361,0.48528,0.02083,0.00000,0.29806
material_novelty_shift,budgeted_information_gain,5,48,0.39583,0.43750,0.20833,0.21485,3.00000,0.35813,0.86806,0.43011,0.06250,0.00000,0.30336
material_novelty_shift,budgeted_information_gain,6,48,0.56250,0.39583,0.04167,0.22304,3.00000,0.35688,0.88889,0.43946,0.04167,0.00000,0.33906
material_novelty_shift,budgeted_information_gain,7,48,0.37500,0.47917,0.12500,0.22229,3.00000,0.35833,0.87500,0.45411,0.02083,0.00000,0.34821
material_novelty_shift,budgeted_information_gain,8,48,0.41667,0.45833,0.12500,0.21755,3.00000,0.35792,0.91667,0.42276,0.06250,0.00000,0.31929
material_novelty_shift,budgeted_information_gain,9,48,0.52083,0.33333,0.10417,0.19955,3.00000,0.35417,0.88195,0.41651,0.00000,0.00000,0.29541
material_novelty_shift,calibrated_debt_threshold,0,48,0.54167,0.27083,0.14583,0.22698,1.93750,0.21458,0.85417,0.38009,0.00000,0.00000,0.34480
material_novelty_shift,calibrated_debt_threshold,1,48,0.56250,0.20833,0.20833,0.22134,1.87500,0.21208,0.90278,0.43780,0.00000,0.00000,0.32815
material_novelty_shift,calibrated_debt_threshold,2,48,0.62500,0.25000,0.12500,0.21950,1.95833,0.22312,0.86111,0.41752,0.02083,0.00000,0.31964
material_novelty_shift,calibrated_debt_threshold,3,48,0.64583,0.16667,0.18750,0.21315,1.97917,0.22854,0.91667,0.44254,0.04167,0.00000,0.34222
material_novelty_shift,calibrated_debt_threshold,4,48,0.54167,0.20833,0.22917,0.23040,1.95833,0.22187,0.94444,0.48100,0.04167,0.00000,0.35039
material_novelty_shift,calibrated_debt_threshold,5,48,0.60417,0.08333,0.29167,0.20921,1.95833,0.21833,0.88195,0.40439,0.02083,0.00000,0.29995
material_novelty_shift,calibrated_debt_threshold,6,48,0.70833,0.14583,0.12500,0.22983,1.89583,0.21104,0.86806,0.38084,0.02083,0.00000,0.37125
material_novelty_shift,calibrated_debt_threshold,7,48,0.60417,0.20833,0.12500,0.21761,1.89583,0.21229,0.86806,0.42574,0.04167,0.00000,0.34803
material_novelty_shift,calibrated_debt_threshold,8,48,0.45833,0.27083,0.27083,0.22919,1.95833,0.22125,0.90278,0.39241,0.14583,0.00000,0.32262
material_novelty_shift,calibrated_debt_threshold,9,48,0.62500,0.12500,0.22917,0.21204,1.97917,0.22417,0.88195,0.40124,0.06250,0.00000,0.30559
material_novelty_shift,counterfactual_material_filter,0,48,0.54167,0.31250,0.12500,0.22408,2.31250,0.26917,0.84028,0.36041,0.00000,0.00000,0.35511
material_novelty_shift,counterfactual_material_filter,1,48,0.60417,0.25000,0.14583,0.21497,2.45833,0.29208,0.89583,0.39781,0.00000,0.00000,0.33475
material_novelty_shift,counterfactual_material_filter,2,48,0.50000,0.39583,0.12500,0.22017,2.50000,0.29271,0.86806,0.40914,0.00000,0.00000,0.32389
material_novelty_shift,counterfactual_material_filter,3,48,0.47917,0.31250,0.20833,0.21433,2.50000,0.29792,0.88889,0.41460,0.04167,0.00000,0.34449
material_novelty_shift,counterfactual_material_filter,4,48,0.47917,0.29167,0.20833,0.22629,2.47917,0.29292,0.92361,0.44968,0.06250,0.00000,0.34701
material_novelty_shift,counterfactual_material_filter,5,48,0.56250,0.14583,0.27083,0.21120,2.35417,0.27458,0.84722,0.36685,0.00000,0.00000,0.31327
material_novelty_shift,counterfactual_material_filter,6,48,0.64583,0.25000,0.08333,0.22208,2.27083,0.26312,0.88195,0.38654,0.06250,0.00000,0.31427
material_novelty_shift,counterfactual_material_filter,7,48,0.47917,0.35417,0.12500,0.21504,2.31250,0.27021,0.88195,0.42264,0.06250,0.00000,0.32042
material_novelty_shift,counterfactual_material_filter,8,48,0.45833,0.33333,0.22917,0.22297,2.47917,0.28833,0.91667,0.38251,0.12500,0.00000,0.32908
material_novelty_shift,counterfactual_material_filter,9,48,0.56250,0.18750,0.25000,0.21034,2.39583,0.27583,0.88195,0.37880,0.06250,0.00000,0.32804
material_novelty_shift,grounding_debt_planner_v5,0,48,0.60417,0.20833,0.14583,0.23585,2.89583,0.34188,0.84028,0.41420,0.00000,0.00000,0.35621
material_novelty_shift,grounding_debt_planner_v5,1,48,0.64583,0.16667,0.14583,0.21894,2.85417,0.33542,0.89583,0.42455,0.00000,0.00000,0.33729
material_novelty_shift,grounding_debt_planner_v5,2,48,0.62500,0.25000,0.12500,0.22308,2.89583,0.34167,0.86806,0.42552,0.00000,0.00000,0.32592
material_novelty_shift,grounding_debt_planner_v5,3,48,0.58333,0.18750,0.20833,0.22243,2.89583,0.34188,0.87500,0.43528,0.00000,0.00000,0.35349
material_novelty_shift,grounding_debt_planner_v5,4,48,0.54167,0.20833,0.22917,0.23160,2.87500,0.33833,0.92361,0.48625,0.04167,0.00000,0.35970
material_novelty_shift,grounding_debt_planner_v5,5,48,0.56250,0.10417,0.29167,0.21940,2.77083,0.32167,0.83333,0.38819,0.00000,0.00000,0.31426
material_novelty_shift,grounding_debt_planner_v5,6,48,0.68750,0.22917,0.08333,0.22508,2.79167,0.32562,0.86806,0.42094,0.02083,0.00000,0.34465
material_novelty_shift,grounding_debt_planner_v5,7,48,0.56250,0.25000,0.14583,0.22335,2.72917,0.31458,0.87500,0.45002,0.00000,0.00000,0.32042
material_novelty_shift,grounding_debt_planner_v5,8,48,0.45833,0.29167,0.22917,0.23052,2.79167,0.32500,0.91667,0.41330,0.08333,0.00000,0.32908
material_novelty_shift,grounding_debt_planner_v5,9,48,0.64583,0.10417,0.22917,0.20961,2.87500,0.33896,0.87500,0.40846,0.04167,0.00000,0.32804
material_novelty_shift,oracle_tactile_upper_bound,0,48,1.00000,0.00000,0.00000,0.01287,0.00000,0.00000,1.00000,0.04000,0.00000,0.00000,0.01700
material_novelty_shift,oracle_tactile_upper_bound,1,48,1.00000,0.00000,0.00000,0.01254,0.00000,0.00000,1.00000,0.04000,0.00000,0.00000,0.01637
material_novelty_shift,oracle_tactile_upper_bound,2,48,1.00000,0.00000,0.00000,0.01243,0.00000,0.00000,1.00000,0.04000,0.00000,0.00000,0.01637
material_novelty_shift,oracle_tactile_upper_bound,3,48,1.00000,0.00000,0.00000,0.01359,0.00000,0.00000,1.00000,0.04000,0.00000,0.00000,0.01827
material_novelty_shift,oracle_tactile_upper_bound,4,48,1.00000,0.00000,0.00000,0.01273,0.00000,0.00000,1.00000,0.04000,0.00000,0.00000,0.01688
material_novelty_shift,oracle_tactile_upper_bound,5,48,1.00000,0.00000,0.00000,0.01278,0.00000,0.00000,1.00000,0.04000,0.00000,0.00000,0.01760
material_novelty_shift,oracle_tactile_upper_bound,6,48,1.00000,0.00000,0.00000,0.01236,0.00000,0.00000,1.00000,0.04000,0.00000,0.00000,0.01714
material_novelty_shift,oracle_tactile_upper_bound,7,48,1.00000,0.00000,0.00000,0.01239,0.00000,0.00000,1.00000,0.04000,0.00000,0.00000,0.01690
material_novelty_shift,oracle_tactile_upper_bound,8,48,1.00000,0.00000,0.00000,0.01405,0.00000,0.00000,1.00000,0.04000,0.00000,0.00000,0.01866
material_novelty_shift,oracle_tactile_upper_bound,9,48,1.00000,0.00000,0.00000,0.01116,0.00000,0.00000,1.00000,0.04000,0.00000,0.00000,0.01519
safety_critical_fragility,language_prior_policy,0,48,0.54167,0.27083,0.14583,0.22785,0.00000,0.00000,0.93056,0.48447,0.06250,0.00000,0.32946
safety_critical_fragility,language_prior_policy,1,48,0.60417,0.27083,0.12500,0.23401,0.00000,0.00000,0.92361,0.47686,0.06250,0.00000,0.33917
safety_critical_fragility,language_prior_policy,2,48,0.56250,0.25000,0.16667,0.22024,0.00000,0.00000,0.90278,0.42515,0.06250,0.00000,0.30625
safety_critical_fragility,language_prior_policy,3,48,0.56250,0.16667,0.25000,0.20974,0.00000,0.00000,0.93750,0.44502,0.10417,0.00000,0.33411
safety_critical_fragility,language_prior_policy,4,48,0.54167,0.29167,0.14583,0.22048,0.00000,0.00000,0.97222,0.49144,0.02083,0.00000,0.33824
safety_critical_fragility,language_prior_policy,5,48,0.62500,0.22917,0.10417,0.21534,0.00000,0.00000,0.93750,0.47903,0.06250,0.00000,0.33172
safety_critical_fragility,language_prior_policy,6,48,0.52083,0.31250,0.10417,0.20452,0.00000,0.00000,0.93056,0.48575,0.08333,0.00000,0.32951
safety_critical_fragility,language_prior_policy,7,48,0.54167,0.33333,0.08333,0.24082,0.00000,0.00000,0.93056,0.46702,0.04167,0.00000,0.35684
safety_critical_fragility,language_prior_policy,8,48,0.64583,0.16667,0.16667,0.21502,0.00000,0.00000,0.94444,0.47128,0.10417,0.00000,0.33155
safety_critical_fragility,language_prior_policy,9,48,0.52083,0.35417,0.04167,0.23480,0.00000,0.00000,0.94444,0.46139,0.04167,0.00000,0.35246
safety_critical_fragility,vision_language_policy,0,48,0.47917,0.22917,0.18750,0.24129,0.00000,0.00000,0.84028,0.41116,0.08333,0.00000,0.34101
safety_critical_fragility,vision_language_policy,1,48,0.52083,0.27083,0.14583,0.23896,0.00000,0.00000,0.82639,0.39811,0.02083,0.00000,0.34416
safety_critical_fragility,vision_language_policy,2,48,0.56250,0.25000,0.16667,0.22415,0.00000,0.00000,0.76389,0.34571,0.06250,0.00000,0.33128
safety_critical_fragility,vision_language_policy,3,48,0.56250,0.20833,0.22917,0.21879,0.00000,0.00000,0.84028,0.36627,0.08333,0.00000,0.32880
safety_critical_fragility,vision_language_policy,4,48,0.50000,0.27083,0.14583,0.21980,0.00000,0.00000,0.86806,0.42039,0.04167,0.00000,0.34055
safety_critical_fragility,vision_language_policy,5,48,0.66667,0.18750,0.10417,0.22160,0.00000,0.00000,0.83333,0.38621,0.08333,0.00000,0.33944
safety_critical_fragility,vision_language_policy,6,48,0.50000,0.31250,0.08333,0.23178,0.00000,0.00000,0.75000,0.38379,0.02083,0.00000,0.36411
safety_critical_fragility,vision_language_policy,7,48,0.58333,0.31250,0.10417,0.24872,0.00000,0.00000,0.82639,0.40623,0.12500,0.00000,0.36716
safety_critical_fragility,vision_language_policy,8,48,0.75000,0.08333,0.16667,0.20528,0.00000,0.00000,0.80556,0.35740,0.02083,0.00000,0.30546
safety_critical_fragility,vision_language_policy,9,48,0.58333,0.29167,0.08333,0.22034,0.00000,0.00000,0.83333,0.40869,0.02083,0.00000,0.33056
safety_critical_fragility,uncertainty_threshold_policy,0,48,0.41667,0.06250,0.35417,0.29670,0.00000,0.00000,0.84028,0.41116,0.10417,0.00000,0.47024
safety_critical_fragility,uncertainty_threshold_policy,1,48,0.52083,0.08333,0.27083,0.28357,0.00000,0.00000,0.82639,0.39811,0.04167,0.00000,0.45433
safety_critical_fragility,uncertainty_threshold_policy,2,48,0.43750,0.14583,0.29167,0.26632,0.00000,0.00000,0.76389,0.34571,0.06250,0.00000,0.42351
safety_critical_fragility,uncertainty_threshold_policy,3,48,0.43750,0.10417,0.39583,0.27642,0.00000,0.00000,0.84028,0.36627,0.12500,0.00000,0.43194
safety_critical_fragility,uncertainty_threshold_policy,4,48,0.47917,0.10417,0.31250,0.25536,0.00000,0.00000,0.86806,0.42039,0.04167,0.00000,0.39273
safety_critical_fragility,uncertainty_threshold_policy,5,48,0.47917,0.10417,0.29167,0.28245,0.00000,0.00000,0.83333,0.38621,0.10417,0.00000,0.44924
safety_critical_fragility,uncertainty_threshold_policy,6,48,0.56250,0.10417,0.18750,0.26071,0.00000,0.00000,0.75000,0.38379,0.02083,0.00000,0.45418
safety_critical_fragility,uncertainty_threshold_policy,7,48,0.43750,0.20833,0.20833,0.26097,0.00000,0.00000,0.82639,0.40623,0.12500,0.00000,0.37163
safety_critical_fragility,uncertainty_threshold_policy,8,48,0.50000,0.04167,0.37500,0.27549,0.00000,0.00000,0.80556,0.35740,0.04167,0.00000,0.48572
safety_critical_fragility,uncertainty_threshold_policy,9,48,0.60417,0.14583,0.16667,0.24621,0.00000,0.00000,0.83333,0.40869,0.02083,0.00000,0.39125
safety_critical_fragility,passive_tactile_classifier,0,48,0.52083,0.25000,0.18750,0.21922,2.00000,0.24000,0.89583,0.43813,0.08333,0.00000,0.29837
safety_critical_fragility,passive_tactile_classifier,1,48,0.50000,0.37500,0.10417,0.21136,2.00000,0.24000,0.88889,0.41982,0.02083,0.00000,0.29350
safety_critical_fragility,passive_tactile_classifier,2,48,0.66667,0.25000,0.08333,0.19466,2.00000,0.24000,0.86111,0.40327,0.00000,0.00000,0.30675
safety_critical_fragility,passive_tactile_classifier,3,48,0.68750,0.16667,0.14583,0.19033,2.00000,0.24000,0.90278,0.40211,0.04167,0.00000,0.26862
safety_critical_fragility,passive_tactile_classifier,4,48,0.60417,0.27083,0.10417,0.20008,2.00000,0.24000,0.93056,0.46740,0.02083,0.00000,0.33079
safety_critical_fragility,passive_tactile_classifier,5,48,0.64583,0.20833,0.10417,0.19811,2.00000,0.24000,0.89583,0.43477,0.00000,0.00000,0.28332
safety_critical_fragility,passive_tactile_classifier,6,48,0.54167,0.29167,0.10417,0.20274,2.00000,0.24000,0.84722,0.40972,0.04167,0.00000,0.33325
safety_critical_fragility,passive_tactile_classifier,7,48,0.60417,0.33333,0.08333,0.21340,2.00000,0.24000,0.89583,0.41894,0.02083,0.00000,0.29727
safety_critical_fragility,passive_tactile_classifier,8,48,0.75000,0.12500,0.12500,0.18010,2.00000,0.24000,0.92361,0.43063,0.02083,0.00000,0.26312
safety_critical_fragility,passive_tactile_classifier,9,48,0.62500,0.27083,0.10417,0.19992,2.00000,0.24000,0.93750,0.47823,0.02083,0.00000,0.27254
safety_critical_fragility,greedy_active_touch,0,48,0.47917,0.43750,0.18750,0.20510,2.00000,0.26271,0.90278,0.37022,0.02083,0.00000,0.29814
safety_critical_fragility,greedy_active_touch,1,48,0.37500,0.54167,0.08333,0.19284,2.00000,0.26333,0.90278,0.37215,0.04167,0.00000,0.27704
safety_critical_fragility,greedy_active_touch,2,48,0.58333,0.35417,0.06250,0.17533,2.00000,0.25604,0.93056,0.39004,0.02083,0.00000,0.29207
safety_critical_fragility,greedy_active_touch,3,48,0.43750,0.43750,0.16667,0.17431,2.00000,0.26333,0.93056,0.38301,0.02083,0.00000,0.25992
safety_critical_fragility,greedy_active_touch,4,48,0.33333,0.50000,0.12500,0.19348,2.00000,0.25312,0.93056,0.41755,0.02083,0.00000,0.29199
safety_critical_fragility,greedy_active_touch,5,48,0.39583,0.50000,0.10417,0.18430,2.00000,0.27375,0.91667,0.37390,0.00000,0.00000,0.27435
safety_critical_fragility,greedy_active_touch,6,48,0.37500,0.54167,0.12500,0.18550,2.00000,0.26521,0.84722,0.34512,0.06250,0.00000,0.29961
safety_critical_fragility,greedy_active_touch,7,48,0.45833,0.45833,0.06250,0.19888,2.00000,0.25521,0.90972,0.37921,0.02083,0.00000,0.29462
safety_critical_fragility,greedy_active_touch,8,48,0.60417,0.25000,0.14583,0.16918,2.00000,0.25792,0.91667,0.35208,0.06250,0.00000,0.27257
safety_critical_fragility,greedy_active_touch,9,48,0.45833,0.43750,0.08333,0.19529,2.00000,0.25438,0.91667,0.42321,0.02083,0.00000,0.29944
safety_critical_fragility,strong_tactile_then_policy,0,48,0.37500,0.58333,0.10417,0.17761,6.00000,0.79000,0.98611,0.44434,0.00000,0.00000,0.25200
safety_critical_fragility,strong_tactile_then_policy,1,48,0.31250,0.60417,0.10417,0.17315,6.00000,0.79000,0.95139,0.42656,0.00000,0.00000,0.25576
safety_critical_fragility,strong_tactile_then_policy,2,48,0.25000,0.68750,0.08333,0.16835,6.00000,0.79000,0.97917,0.44109,0.00000,0.00000,0.24993
safety_critical_fragility,strong_tactile_then_policy,3,48,0.27083,0.60417,0.16667,0.16375,6.00000,0.79000,0.96528,0.41393,0.00000,0.00000,0.25240
safety_critical_fragility,strong_tactile_then_policy,4,48,0.27083,0.62500,0.10417,0.17944,6.00000,0.79000,0.97222,0.46379,0.00000,0.00000,0.30632
safety_critical_fragility,strong_tactile_then_policy,5,48,0.39583,0.58333,0.04167,0.16934,6.00000,0.79000,0.97222,0.45527,0.00000,0.00000,0.25619
safety_critical_fragility,strong_tactile_then_policy,6,48,0.20833,0.72917,0.04167,0.16691,6.00000,0.79000,0.95833,0.45523,0.00000,0.00000,0.26717
safety_critical_fragility,strong_tactile_then_policy,7,48,0.20833,0.77083,0.04167,0.17851,6.00000,0.79000,0.95139,0.40502,0.00000,0.00000,0.27962
safety_critical_fragility,strong_tactile_then_policy,8,48,0.35417,0.56250,0.10417,0.15111,6.00000,0.79000,0.97917,0.43072,0.00000,0.00000,0.25201
safety_critical_fragility,strong_tactile_then_policy,9,48,0.25000,0.68750,0.06250,0.18053,6.00000,0.79000,0.97222,0.48789,0.00000,0.00000,0.26781
safety_critical_fragility,risk_aware_touch_policy,0,48,0.62500,0.14583,0.14583,0.20671,1.83333,0.20396,0.92361,0.36773,0.08333,0.00000,0.33399
safety_critical_fragility,risk_aware_touch_policy,1,48,0.64583,0.20833,0.12500,0.20195,1.85417,0.20021,0.93750,0.41271,0.04167,0.00000,0.30014
safety_critical_fragility,risk_aware_touch_policy,2,48,0.75000,0.12500,0.10417,0.17920,1.89583,0.21188,0.94444,0.38798,0.02083,0.00000,0.26138
safety_critical_fragility,risk_aware_touch_policy,3,48,0.60417,0.10417,0.29167,0.19475,1.91667,0.20917,0.93750,0.37909,0.08333,0.00000,0.29867
safety_critical_fragility,risk_aware_touch_policy,4,48,0.66667,0.18750,0.14583,0.19085,1.91667,0.21083,0.94444,0.42625,0.04167,0.00000,0.27088
safety_critical_fragility,risk_aware_touch_policy,5,48,0.75000,0.08333,0.16667,0.19852,1.85417,0.19875,0.94444,0.41780,0.06250,0.00000,0.28135
safety_critical_fragility,risk_aware_touch_policy,6,48,0.62500,0.22917,0.10417,0.19648,1.91667,0.20854,0.91667,0.40969,0.04167,0.00000,0.32201
safety_critical_fragility,risk_aware_touch_policy,7,48,0.66667,0.20833,0.12500,0.21780,1.89583,0.20437,0.90972,0.35830,0.04167,0.00000,0.33440
safety_critical_fragility,risk_aware_touch_policy,8,48,0.79167,0.04167,0.16667,0.17782,1.83333,0.19125,0.95833,0.39814,0.08333,0.00000,0.25486
safety_critical_fragility,risk_aware_touch_policy,9,48,0.72917,0.18750,0.08333,0.19724,1.91667,0.20583,0.95833,0.48105,0.02083,0.00000,0.27145
safety_critical_fragility,budgeted_information_gain,0,48,0.62500,0.16667,0.12500,0.20182,2.00000,0.22437,0.93056,0.38011,0.06250,0.00000,0.31558
safety_critical_fragility,budgeted_information_gain,1,48,0.56250,0.35417,0.08333,0.20254,2.00000,0.21917,0.90278,0.35984,0.10417,0.00000,0.28405
safety_critical_fragility,budgeted_information_gain,2,48,0.66667,0.29167,0.04167,0.17733,2.00000,0.22313,0.95139,0.38675,0.00000,0.00000,0.27802
safety_critical_fragility,budgeted_information_gain,3,48,0.62500,0.16667,0.20833,0.18051,2.00000,0.22875,0.93750,0.36115,0.06250,0.00000,0.27037
safety_critical_fragility,budgeted_information_gain,4,48,0.58333,0.29167,0.12500,0.19668,2.00000,0.22375,0.94444,0.41585,0.06250,0.00000,0.28541
safety_critical_fragility,budgeted_information_gain,5,48,0.68750,0.18750,0.10417,0.18909,2.00000,0.21625,0.95833,0.41973,0.06250,0.00000,0.25785
safety_critical_fragility,budgeted_information_gain,6,48,0.62500,0.29167,0.06250,0.18689,2.00000,0.21833,0.90278,0.37917,0.04167,0.00000,0.29841
safety_critical_fragility,budgeted_information_gain,7,48,0.56250,0.33333,0.10417,0.21473,2.00000,0.22146,0.90972,0.35283,0.04167,0.00000,0.33192
safety_critical_fragility,budgeted_information_gain,8,48,0.72917,0.16667,0.10417,0.15946,2.00000,0.21667,0.97222,0.39095,0.02083,0.00000,0.25178
safety_critical_fragility,budgeted_information_gain,9,48,0.62500,0.31250,0.04167,0.20055,2.00000,0.21979,0.94444,0.45659,0.02083,0.00000,0.32273
safety_critical_fragility,calibrated_debt_threshold,0,48,0.68750,0.12500,0.14583,0.21340,1.79167,0.19437,0.93750,0.39835,0.08333,0.02083,0.32996
safety_critical_fragility,calibrated_debt_threshold,1,48,0.62500,0.22917,0.12500,0.20369,1.87500,0.19792,0.93750,0.42878,0.04167,0.00000,0.30139
safety_critical_fragility,calibrated_debt_threshold,2,48,0.66667,0.20833,0.08333,0.21150,1.89583,0.20375,0.94444,0.41576,0.02083,0.04167,0.27703
safety_critical_fragility,calibrated_debt_threshold,3,48,0.56250,0.14583,0.29167,0.19741,1.91667,0.20417,0.94444,0.40022,0.10417,0.00000,0.29687
safety_critical_fragility,calibrated_debt_threshold,4,48,0.60417,0.25000,0.12500,0.20081,1.89583,0.20542,0.95139,0.43181,0.06250,0.02083,0.27897
safety_critical_fragility,calibrated_debt_threshold,5,48,0.70833,0.06250,0.18750,0.21672,1.85417,0.19750,0.96528,0.44218,0.04167,0.04167,0.28135
safety_critical_fragility,calibrated_debt_threshold,6,48,0.60417,0.22917,0.10417,0.20917,1.89583,0.19937,0.93750,0.44979,0.04167,0.04167,0.30546
safety_critical_fragility,calibrated_debt_threshold,7,48,0.62500,0.20833,0.10417,0.21736,1.85417,0.19688,0.93056,0.39413,0.02083,0.02083,0.32531
safety_critical_fragility,calibrated_debt_threshold,8,48,0.75000,0.08333,0.16667,0.17676,1.81250,0.18542,0.95833,0.39660,0.08333,0.00000,0.25136
safety_critical_fragility,calibrated_debt_threshold,9,48,0.64583,0.27083,0.08333,0.19679,1.89583,0.19875,0.96528,0.50588,0.00000,0.00000,0.26557
safety_critical_fragility,counterfactual_material_filter,0,48,0.66667,0.16667,0.14583,0.19447,1.66667,0.19604,0.95833,0.40652,0.04167,0.00000,0.30322
safety_critical_fragility,counterfactual_material_filter,1,48,0.62500,0.22917,0.12500,0.19229,1.70833,0.19021,0.95139,0.41310,0.04167,0.00000,0.29562
safety_critical_fragility,counterfactual_material_filter,2,48,0.72917,0.18750,0.08333,0.18052,1.75000,0.19312,0.94444,0.40746,0.02083,0.00000,0.26966
safety_critical_fragility,counterfactual_material_filter,3,48,0.60417,0.14583,0.25000,0.19329,1.64583,0.18708,0.95139,0.39683,0.08333,0.00000,0.28377
safety_critical_fragility,counterfactual_material_filter,4,48,0.60417,0.25000,0.14583,0.18811,1.72917,0.19167,0.94444,0.41245,0.08333,0.00000,0.27151
safety_critical_fragility,counterfactual_material_filter,5,48,0.72917,0.14583,0.14583,0.19071,1.72917,0.19229,0.95833,0.42749,0.06250,0.00000,0.27914
safety_critical_fragility,counterfactual_material_filter,6,48,0.58333,0.27083,0.10417,0.19033,1.79167,0.19771,0.92361,0.41537,0.04167,0.00000,0.30274
safety_critical_fragility,counterfactual_material_filter,7,48,0.66667,0.20833,0.10417,0.19760,1.75000,0.19646,0.93750,0.38332,0.02083,0.00000,0.29978
safety_critical_fragility,counterfactual_material_filter,8,48,0.72917,0.10417,0.16667,0.17487,1.62500,0.17625,0.95833,0.39327,0.08333,0.00000,0.24233
safety_critical_fragility,counterfactual_material_filter,9,48,0.64583,0.27083,0.08333,0.19345,1.72917,0.18958,0.94444,0.45719,0.02083,0.00000,0.26572
safety_critical_fragility,grounding_debt_planner_v5,0,48,0.64583,0.16667,0.16667,0.20752,1.83333,0.18458,0.93750,0.41592,0.06250,0.00000,0.31147
safety_critical_fragility,grounding_debt_planner_v5,1,48,0.68750,0.16667,0.12500,0.20649,1.87500,0.18917,0.92361,0.42427,0.04167,0.00000,0.30316
safety_critical_fragility,grounding_debt_planner_v5,2,48,0.75000,0.12500,0.12500,0.18217,1.91667,0.19667,0.93056,0.39485,0.04167,0.00000,0.26680
safety_critical_fragility,grounding_debt_planner_v5,3,48,0.56250,0.12500,0.31250,0.20201,1.93750,0.19792,0.93056,0.39496,0.10417,0.00000,0.29219
safety_critical_fragility,grounding_debt_planner_v5,4,48,0.70833,0.16667,0.12500,0.19068,1.89583,0.19333,0.93750,0.42944,0.04167,0.00000,0.29000
safety_critical_fragility,grounding_debt_planner_v5,5,48,0.72917,0.10417,0.16667,0.20056,1.87500,0.19021,0.93750,0.42006,0.06250,0.00000,0.29418
safety_critical_fragility,grounding_debt_planner_v5,6,48,0.64583,0.20833,0.10417,0.19048,1.91667,0.19625,0.92361,0.43078,0.04167,0.00000,0.30274
safety_critical_fragility,grounding_debt_planner_v5,7,48,0.62500,0.20833,0.12500,0.21746,1.87500,0.18771,0.91667,0.38867,0.02083,0.00000,0.32576
safety_critical_fragility,grounding_debt_planner_v5,8,48,0.79167,0.04167,0.16667,0.17800,1.83333,0.18167,0.95139,0.40050,0.08333,0.00000,0.25635
safety_critical_fragility,grounding_debt_planner_v5,9,48,0.68750,0.22917,0.08333,0.19498,1.91667,0.19271,0.94444,0.47702,0.00000,0.00000,0.27366
safety_critical_fragility,oracle_tactile_upper_bound,0,48,1.00000,0.00000,0.00000,0.01326,0.00000,0.00000,1.00000,0.04000,0.00000,0.00000,0.01743
safety_critical_fragility,oracle_tactile_upper_bound,1,48,1.00000,0.00000,0.00000,0.01353,0.00000,0.00000,1.00000,0.04000,0.00000,0.00000,0.01709
safety_critical_fragility,oracle_tactile_upper_bound,2,48,1.00000,0.00000,0.00000,0.01204,0.00000,0.00000,1.00000,0.04000,0.00000,0.00000,0.01725
safety_critical_fragility,oracle_tactile_upper_bound,3,48,1.00000,0.00000,0.00000,0.01265,0.00000,0.00000,1.00000,0.04000,0.00000,0.00000,0.01725
safety_critical_fragility,oracle_tactile_upper_bound,4,48,1.00000,0.00000,0.00000,0.01302,0.00000,0.00000,1.00000,0.04000,0.00000,0.00000,0.01780
safety_critical_fragility,oracle_tactile_upper_bound,5,48,1.00000,0.00000,0.00000,0.01312,0.00000,0.00000,1.00000,0.04000,0.00000,0.00000,0.01774
safety_critical_fragility,oracle_tactile_upper_bound,6,48,1.00000,0.00000,0.00000,0.01226,0.00000,0.00000,1.00000,0.04000,0.00000,0.00000,0.01715
safety_critical_fragility,oracle_tactile_upper_bound,7,48,1.00000,0.00000,0.00000,0.01357,0.00000,0.00000,1.00000,0.04000,0.00000,0.00000,0.01761
safety_critical_fragility,oracle_tactile_upper_bound,8,48,1.00000,0.00000,0.00000,0.01261,0.00000,0.00000,1.00000,0.04000,0.00000,0.00000,0.01694
safety_critical_fragility,oracle_tactile_upper_bound,9,48,1.00000,0.00000,0.00000,0.01343,0.00000,0.00000,1.00000,0.04000,0.00000,0.00000,0.01885
probe_budget_shift,language_prior_policy,0,48,0.56250,0.31250,0.10417,0.23149,0.00000,0.00000,0.91667,0.48243,0.06250,0.00000,0.35289
probe_budget_shift,language_prior_policy,1,48,0.50000,0.27083,0.20833,0.25547,0.00000,0.00000,0.91667,0.48454,0.04167,0.00000,0.37531
probe_budget_shift,language_prior_policy,2,48,0.52083,0.22917,0.25000,0.23385,0.00000,0.00000,0.90972,0.48090,0.08333,0.00000,0.32978
probe_budget_shift,language_prior_policy,3,48,0.52083,0.29167,0.16667,0.23375,0.00000,0.00000,0.90972,0.46833,0.08333,0.00000,0.34952
probe_budget_shift,language_prior_policy,4,48,0.47917,0.31250,0.16667,0.24145,0.00000,0.00000,0.89583,0.47762,0.10417,0.00000,0.35329
probe_budget_shift,language_prior_policy,5,48,0.72917,0.12500,0.08333,0.22031,0.00000,0.00000,0.93056,0.50893,0.04167,0.00000,0.31550
probe_budget_shift,language_prior_policy,6,48,0.56250,0.27083,0.18750,0.23341,0.00000,0.00000,0.86806,0.42964,0.08333,0.00000,0.36328
probe_budget_shift,language_prior_policy,7,48,0.47917,0.31250,0.20833,0.24160,0.00000,0.00000,0.85417,0.46437,0.02083,0.00000,0.34846
probe_budget_shift,language_prior_policy,8,48,0.47917,0.41667,0.08333,0.23007,0.00000,0.00000,0.93750,0.45093,0.12500,0.00000,0.31437
probe_budget_shift,language_prior_policy,9,48,0.58333,0.18750,0.18750,0.23173,0.00000,0.00000,0.84722,0.38927,0.04167,0.00000,0.34868
probe_budget_shift,vision_language_policy,0,48,0.60417,0.27083,0.08333,0.23112,0.00000,0.00000,0.75694,0.37263,0.02083,0.00000,0.38587
probe_budget_shift,vision_language_policy,1,48,0.52083,0.20833,0.18750,0.25026,0.00000,0.00000,0.80556,0.42664,0.04167,0.00000,0.35279
probe_budget_shift,vision_language_policy,2,48,0.54167,0.27083,0.14583,0.22897,0.00000,0.00000,0.80556,0.38899,0.04167,0.00000,0.34898
probe_budget_shift,vision_language_policy,3,48,0.62500,0.22917,0.10417,0.22799,0.00000,0.00000,0.84722,0.44900,0.00000,0.00000,0.35002
probe_budget_shift,vision_language_policy,4,48,0.60417,0.25000,0.12500,0.22892,0.00000,0.00000,0.78472,0.37255,0.02083,0.00000,0.35347
probe_budget_shift,vision_language_policy,5,48,0.64583,0.20833,0.08333,0.21980,0.00000,0.00000,0.81945,0.40227,0.00000,0.00000,0.30563
probe_budget_shift,vision_language_policy,6,48,0.60417,0.25000,0.12500,0.23803,0.00000,0.00000,0.81945,0.40293,0.02083,0.00000,0.34823
probe_budget_shift,vision_language_policy,7,48,0.56250,0.22917,0.20833,0.23258,0.00000,0.00000,0.79861,0.40194,0.02083,0.00000,0.33287
probe_budget_shift,vision_language_policy,8,48,0.50000,0.35417,0.10417,0.24078,0.00000,0.00000,0.79167,0.36739,0.08333,0.00000,0.38020
probe_budget_shift,vision_language_policy,9,48,0.62500,0.18750,0.18750,0.23908,0.00000,0.00000,0.77778,0.39497,0.04167,0.00000,0.35270
probe_budget_shift,uncertainty_threshold_policy,0,48,0.52083,0.12500,0.20833,0.25484,0.00000,0.00000,0.75694,0.37263,0.02083,0.00000,0.35931
probe_budget_shift,uncertainty_threshold_policy,1,48,0.37500,0.10417,0.39583,0.30880,0.00000,0.00000,0.80556,0.42664,0.12500,0.00000,0.49900
probe_budget_shift,uncertainty_threshold_policy,2,48,0.50000,0.06250,0.33333,0.27809,0.00000,0.00000,0.80556,0.38899,0.10417,0.00000,0.44470
probe_budget_shift,uncertainty_threshold_policy,3,48,0.45833,0.04167,0.31250,0.27527,0.00000,0.00000,0.84722,0.44900,0.06250,0.00000,0.44511
probe_budget_shift,uncertainty_threshold_policy,4,48,0.39583,0.10417,0.35417,0.29045,0.00000,0.00000,0.78472,0.37255,0.08333,0.00000,0.44961
probe_budget_shift,uncertainty_threshold_policy,5,48,0.45833,0.04167,0.29167,0.28280,0.00000,0.00000,0.81945,0.40227,0.04167,0.00000,0.41567
probe_budget_shift,uncertainty_threshold_policy,6,48,0.39583,0.12500,0.29167,0.28056,0.00000,0.00000,0.81945,0.40293,0.02083,0.00000,0.45174
probe_budget_shift,uncertainty_threshold_policy,7,48,0.45833,0.10417,0.33333,0.28666,0.00000,0.00000,0.79861,0.40194,0.02083,0.00000,0.47118
probe_budget_shift,uncertainty_threshold_policy,8,48,0.43750,0.18750,0.22917,0.26777,0.00000,0.00000,0.79167,0.36739,0.08333,0.00000,0.42221
probe_budget_shift,uncertainty_threshold_policy,9,48,0.45833,0.04167,0.35417,0.28976,0.00000,0.00000,0.77778,0.39497,0.06250,0.00000,0.44531
probe_budget_shift,passive_tactile_classifier,0,48,0.66667,0.25000,0.06250,0.21115,2.00000,0.24000,0.84722,0.42191,0.00000,0.00000,0.33190
probe_budget_shift,passive_tactile_classifier,1,48,0.56250,0.20833,0.18750,0.22162,2.00000,0.24000,0.90278,0.45867,0.02083,0.00000,0.32615
probe_budget_shift,passive_tactile_classifier,2,48,0.68750,0.16667,0.12500,0.20883,2.00000,0.24000,0.86111,0.38886,0.06250,0.00000,0.32400
probe_budget_shift,passive_tactile_classifier,3,48,0.68750,0.14583,0.12500,0.20911,2.00000,0.24000,0.92361,0.47932,0.00000,0.00000,0.28950
probe_budget_shift,passive_tactile_classifier,4,48,0.70833,0.16667,0.10417,0.20618,2.00000,0.24000,0.86111,0.43129,0.00000,0.00000,0.31153
probe_budget_shift,passive_tactile_classifier,5,48,0.70833,0.16667,0.04167,0.20453,2.00000,0.24000,0.86806,0.41051,0.00000,0.00000,0.30029
probe_budget_shift,passive_tactile_classifier,6,48,0.60417,0.27083,0.10417,0.22072,2.00000,0.24000,0.87500,0.43202,0.02083,0.00000,0.31708
probe_budget_shift,passive_tactile_classifier,7,48,0.58333,0.18750,0.20833,0.21003,2.00000,0.24000,0.89583,0.46302,0.00000,0.00000,0.32344
probe_budget_shift,passive_tactile_classifier,8,48,0.58333,0.27083,0.10417,0.22036,2.00000,0.24000,0.86806,0.40190,0.04167,0.00000,0.32581
probe_budget_shift,passive_tactile_classifier,9,48,0.62500,0.16667,0.18750,0.21074,2.00000,0.24000,0.84028,0.42711,0.00000,0.00000,0.33381
probe_budget_shift,greedy_active_touch,0,48,0.43750,0.45833,0.10417,0.19725,2.00000,0.27229,0.84028,0.36086,0.06250,0.00000,0.29924
probe_budget_shift,greedy_active_touch,1,48,0.54167,0.31250,0.14583,0.21089,2.00000,0.25917,0.90972,0.42564,0.00000,0.00000,0.28640
probe_budget_shift,greedy_active_touch,2,48,0.52083,0.35417,0.10417,0.19724,2.00000,0.26562,0.88194,0.38617,0.02083,0.00000,0.29181
probe_budget_shift,greedy_active_touch,3,48,0.52083,0.31250,0.14583,0.19384,2.00000,0.26833,0.90972,0.40596,0.06250,0.00000,0.28217
probe_budget_shift,greedy_active_touch,4,48,0.43750,0.43750,0.10417,0.19080,2.00000,0.27063,0.90278,0.40779,0.04167,0.00000,0.29859
probe_budget_shift,greedy_active_touch,5,48,0.60417,0.29167,0.08333,0.18899,2.00000,0.26729,0.89583,0.36912,0.02083,0.00000,0.29134
probe_budget_shift,greedy_active_touch,6,48,0.50000,0.45833,0.06250,0.20846,2.00000,0.26021,0.89583,0.41379,0.00000,0.00000,0.31380
probe_budget_shift,greedy_active_touch,7,48,0.66667,0.18750,0.14583,0.20103,2.00000,0.25479,0.90278,0.41472,0.00000,0.00000,0.29120
probe_budget_shift,greedy_active_touch,8,48,0.62500,0.31250,0.06250,0.19881,2.00000,0.25542,0.88889,0.35068,0.08333,0.00000,0.33560
probe_budget_shift,greedy_active_touch,9,48,0.64583,0.22917,0.14583,0.19568,2.00000,0.25625,0.86806,0.36324,0.04167,0.00000,0.28090
probe_budget_shift,strong_tactile_then_policy,0,48,0.33333,0.66667,0.02083,0.18062,6.00000,0.79000,0.95833,0.47610,0.00000,0.00000,0.28857
probe_budget_shift,strong_tactile_then_policy,1,48,0.41667,0.50000,0.08333,0.19433,6.00000,0.79000,0.97222,0.45776,0.00000,0.00000,0.27585
probe_budget_shift,strong_tactile_then_policy,2,48,0.33333,0.62500,0.08333,0.18807,6.00000,0.79000,0.90972,0.40381,0.00000,0.00000,0.27407
probe_budget_shift,strong_tactile_then_policy,3,48,0.35417,0.54167,0.12500,0.17801,6.00000,0.79000,0.95139,0.45227,0.00000,0.00000,0.26145
probe_budget_shift,strong_tactile_then_policy,4,48,0.37500,0.58333,0.06250,0.18090,6.00000,0.79000,0.94444,0.48077,0.00000,0.00000,0.25688
probe_budget_shift,strong_tactile_then_policy,5,48,0.37500,0.54167,0.08333,0.17544,6.00000,0.79000,0.93750,0.42590,0.00000,0.00000,0.25190
probe_budget_shift,strong_tactile_then_policy,6,48,0.31250,0.62500,0.06250,0.18900,6.00000,0.79000,0.97222,0.48125,0.00000,0.00000,0.29274
probe_budget_shift,strong_tactile_then_policy,7,48,0.29167,0.58333,0.10417,0.18176,6.00000,0.79000,0.96528,0.48990,0.00000,0.00000,0.25599
probe_budget_shift,strong_tactile_then_policy,8,48,0.35417,0.62500,0.02083,0.17127,6.00000,0.79000,0.97222,0.42090,0.02083,0.00000,0.26760
probe_budget_shift,strong_tactile_then_policy,9,48,0.33333,0.54167,0.16667,0.18043,6.00000,0.79000,0.92361,0.42674,0.00000,0.00000,0.26952
probe_budget_shift,risk_aware_touch_policy,0,48,0.64583,0.22917,0.08333,0.20357,1.95833,0.21833,0.90972,0.40440,0.02083,0.00000,0.31970
probe_budget_shift,risk_aware_touch_policy,1,48,0.60417,0.20833,0.16667,0.21234,1.97917,0.22042,0.95833,0.44377,0.06250,0.00000,0.31094
probe_budget_shift,risk_aware_touch_policy,2,48,0.60417,0.16667,0.16667,0.21586,1.93750,0.21542,0.90278,0.39852,0.10417,0.00000,0.30555
probe_budget_shift,risk_aware_touch_policy,3,48,0.60417,0.12500,0.20833,0.21238,1.97917,0.23042,0.91667,0.40903,0.10417,0.00000,0.32290
probe_budget_shift,risk_aware_touch_policy,4,48,0.64583,0.20833,0.12500,0.20736,1.89583,0.20896,0.89583,0.41314,0.06250,0.00000,0.33472
probe_budget_shift,risk_aware_touch_policy,5,48,0.75000,0.08333,0.14583,0.19025,2.00000,0.23813,0.91667,0.38537,0.00000,0.00000,0.29316
probe_budget_shift,risk_aware_touch_policy,6,48,0.72917,0.18750,0.08333,0.20722,1.93750,0.21667,0.92361,0.43705,0.02083,0.00000,0.32578
probe_budget_shift,risk_aware_touch_policy,7,48,0.56250,0.18750,0.20833,0.20468,1.93750,0.21396,0.94444,0.44377,0.04167,0.00000,0.32832
probe_budget_shift,risk_aware_touch_policy,8,48,0.75000,0.14583,0.10417,0.19729,1.95833,0.21729,0.94444,0.36958,0.08333,0.00000,0.29308
probe_budget_shift,risk_aware_touch_policy,9,48,0.66667,0.10417,0.22917,0.20052,1.93750,0.21188,0.88195,0.36503,0.08333,0.00000,0.31953
probe_budget_shift,budgeted_information_gain,0,48,0.58333,0.31250,0.08333,0.22189,1.00000,0.09771,0.82639,0.37490,0.04167,0.00000,0.35789
probe_budget_shift,budgeted_information_gain,1,48,0.60417,0.20833,0.14583,0.22123,1.00000,0.09208,0.90972,0.45530,0.08333,0.00000,0.33058
probe_budget_shift,budgeted_information_gain,2,48,0.58333,0.27083,0.12500,0.22146,1.00000,0.09271,0.86111,0.38685,0.08333,0.00000,0.33475
probe_budget_shift,budgeted_information_gain,3,48,0.68750,0.16667,0.12500,0.21152,1.00000,0.10229,0.88195,0.41607,0.02083,0.00000,0.31942
probe_budget_shift,budgeted_information_gain,4,48,0.64583,0.25000,0.08333,0.21642,1.00000,0.09625,0.84722,0.38514,0.06250,0.00000,0.34711
probe_budget_shift,budgeted_information_gain,5,48,0.68750,0.14583,0.10417,0.20038,1.00000,0.09958,0.88889,0.38346,0.02083,0.00000,0.30934
probe_budget_shift,budgeted_information_gain,6,48,0.64583,0.27083,0.06250,0.21898,1.00000,0.09333,0.87500,0.41555,0.04167,0.00000,0.35870
probe_budget_shift,budgeted_information_gain,7,48,0.64583,0.18750,0.14583,0.21330,1.00000,0.09521,0.87500,0.41355,0.02083,0.00000,0.32226
probe_budget_shift,budgeted_information_gain,8,48,0.64583,0.22917,0.08333,0.21882,1.00000,0.09500,0.86806,0.35578,0.08333,0.00000,0.36886
probe_budget_shift,budgeted_information_gain,9,48,0.68750,0.16667,0.14583,0.21263,1.00000,0.09125,0.84722,0.39132,0.00000,0.00000,0.33095
probe_budget_shift,calibrated_debt_threshold,0,48,0.64583,0.25000,0.08333,0.20509,1.91667,0.20833,0.92361,0.41904,0.02083,0.00000,0.32903
probe_budget_shift,calibrated_debt_threshold,1,48,0.62500,0.20833,0.16667,0.20814,1.91667,0.20854,0.96528,0.45415,0.04167,0.00000,0.30407
probe_budget_shift,calibrated_debt_threshold,2,48,0.60417,0.18750,0.16667,0.21192,1.87500,0.20479,0.89583,0.38842,0.08333,0.00000,0.30426
probe_budget_shift,calibrated_debt_threshold,3,48,0.62500,0.14583,0.18750,0.20595,1.95833,0.22292,0.92361,0.41292,0.08333,0.00000,0.30937
probe_budget_shift,calibrated_debt_threshold,4,48,0.64583,0.22917,0.10417,0.19867,1.83333,0.19958,0.91667,0.44220,0.08333,0.00000,0.31420
probe_budget_shift,calibrated_debt_threshold,5,48,0.77083,0.08333,0.14583,0.18638,1.97917,0.22854,0.93750,0.40168,0.00000,0.00000,0.27880
probe_budget_shift,calibrated_debt_threshold,6,48,0.72917,0.18750,0.08333,0.20673,1.89583,0.20979,0.93056,0.44789,0.02083,0.00000,0.32578
probe_budget_shift,calibrated_debt_threshold,7,48,0.60417,0.16667,0.20833,0.20183,1.89583,0.20500,0.93750,0.44165,0.04167,0.00000,0.32832
probe_budget_shift,calibrated_debt_threshold,8,48,0.77083,0.12500,0.08333,0.19116,1.89583,0.21104,0.95833,0.40077,0.04167,0.00000,0.29290
probe_budget_shift,calibrated_debt_threshold,9,48,0.62500,0.14583,0.25000,0.19575,1.89583,0.21271,0.89583,0.37876,0.08333,0.00000,0.30839
probe_budget_shift,counterfactual_material_filter,0,48,0.60417,0.20833,0.12500,0.22016,0.93750,0.10708,0.87500,0.41787,0.06250,0.00000,0.35273
probe_budget_shift,counterfactual_material_filter,1,48,0.56250,0.20833,0.20833,0.22424,0.97917,0.10979,0.90972,0.45158,0.06250,0.00000,0.31116
probe_budget_shift,counterfactual_material_filter,2,48,0.62500,0.16667,0.18750,0.21373,0.95833,0.11021,0.87500,0.40268,0.12500,0.00000,0.30910
probe_budget_shift,counterfactual_material_filter,3,48,0.64583,0.14583,0.18750,0.21688,1.00000,0.11792,0.90972,0.44258,0.04167,0.00000,0.32818
probe_budget_shift,counterfactual_material_filter,4,48,0.66667,0.18750,0.12500,0.20340,0.95833,0.11062,0.87500,0.41159,0.02083,0.00000,0.31736
probe_budget_shift,counterfactual_material_filter,5,48,0.75000,0.08333,0.12500,0.19711,1.00000,0.12167,0.90278,0.41118,0.00000,0.00000,0.29858
probe_budget_shift,counterfactual_material_filter,6,48,0.66667,0.20833,0.10417,0.21061,1.00000,0.11521,0.90972,0.43516,0.06250,0.00000,0.30913
probe_budget_shift,counterfactual_material_filter,7,48,0.60417,0.16667,0.20833,0.20835,0.97917,0.10729,0.90278,0.41907,0.02083,0.00000,0.33402
probe_budget_shift,counterfactual_material_filter,8,48,0.72917,0.14583,0.10417,0.20152,0.97917,0.11604,0.90972,0.39822,0.02083,0.00000,0.29688
probe_budget_shift,counterfactual_material_filter,9,48,0.62500,0.12500,0.25000,0.21251,1.00000,0.11583,0.88195,0.42173,0.04167,0.00000,0.35151
probe_budget_shift,grounding_debt_planner_v5,0,48,0.62500,0.20833,0.10417,0.22525,1.00000,0.08979,0.84722,0.40375,0.02083,0.00000,0.36494
probe_budget_shift,grounding_debt_planner_v5,1,48,0.62500,0.18750,0.16667,0.22403,1.00000,0.08687,0.90972,0.44079,0.08333,0.00000,0.31826
probe_budget_shift,grounding_debt_planner_v5,2,48,0.60417,0.16667,0.18750,0.22618,1.00000,0.09167,0.86806,0.38956,0.12500,0.00000,0.33143
probe_budget_shift,grounding_debt_planner_v5,3,48,0.64583,0.12500,0.18750,0.22179,1.00000,0.09167,0.91667,0.46964,0.04167,0.00000,0.32875
probe_budget_shift,grounding_debt_planner_v5,4,48,0.62500,0.20833,0.14583,0.21381,1.00000,0.09000,0.86111,0.41384,0.04167,0.00000,0.31854
probe_budget_shift,grounding_debt_planner_v5,5,48,0.72917,0.08333,0.12500,0.20399,1.00000,0.09354,0.87500,0.38455,0.00000,0.00000,0.33084
probe_budget_shift,grounding_debt_planner_v5,6,48,0.66667,0.18750,0.12500,0.22608,1.00000,0.09125,0.86111,0.42778,0.04167,0.00000,0.35742
probe_budget_shift,grounding_debt_planner_v5,7,48,0.62500,0.14583,0.22917,0.21305,1.00000,0.08813,0.88889,0.42717,0.04167,0.00000,0.33473
probe_budget_shift,grounding_debt_planner_v5,8,48,0.70833,0.16667,0.08333,0.21447,1.00000,0.09167,0.88195,0.36514,0.02083,0.00000,0.32511
probe_budget_shift,grounding_debt_planner_v5,9,48,0.58333,0.14583,0.25000,0.22238,1.00000,0.08875,0.82639,0.39680,0.02083,0.00000,0.36759
probe_budget_shift,oracle_tactile_upper_bound,0,48,1.00000,0.00000,0.00000,0.01235,0.00000,0.00000,1.00000,0.04000,0.00000,0.00000,0.01811
probe_budget_shift,oracle_tactile_upper_bound,1,48,1.00000,0.00000,0.00000,0.01362,0.00000,0.00000,1.00000,0.04000,0.00000,0.00000,0.01900
probe_budget_shift,oracle_tactile_upper_bound,2,48,1.00000,0.00000,0.00000,0.01275,0.00000,0.00000,1.00000,0.04000,0.00000,0.00000,0.01674
probe_budget_shift,oracle_tactile_upper_bound,3,48,1.00000,0.00000,0.00000,0.01254,0.00000,0.00000,1.00000,0.04000,0.00000,0.00000,0.01774
probe_budget_shift,oracle_tactile_upper_bound,4,48,1.00000,0.00000,0.00000,0.01316,0.00000,0.00000,1.00000,0.04000,0.00000,0.00000,0.01903
probe_budget_shift,oracle_tactile_upper_bound,5,48,1.00000,0.00000,0.00000,0.01271,0.00000,0.00000,1.00000,0.04000,0.00000,0.00000,0.01694
probe_budget_shift,oracle_tactile_upper_bound,6,48,1.00000,0.00000,0.00000,0.01342,0.00000,0.00000,1.00000,0.04000,0.00000,0.00000,0.01860
probe_budget_shift,oracle_tactile_upper_bound,7,48,1.00000,0.00000,0.00000,0.01293,0.00000,0.00000,1.00000,0.04000,0.00000,0.00000,0.01687
probe_budget_shift,oracle_tactile_upper_bound,8,48,1.00000,0.00000,0.00000,0.01306,0.00000,0.00000,1.00000,0.04000,0.00000,0.00000,0.01729
probe_budget_shift,oracle_tactile_upper_bound,9,48,1.00000,0.00000,0.00000,0.01304,0.00000,0.00000,1.00000,0.04000,0.00000,0.00000,0.01677
combined_hard_shift,language_prior_policy,0,48,0.31250,0.33333,0.29167,0.29928,0.00000,0.00000,0.75000,0.38764,0.04167,0.00000,0.44092
combined_hard_shift,language_prior_policy,1,48,0.54167,0.22917,0.18750,0.26990,0.00000,0.00000,0.75694,0.42014,0.00000,0.00000,0.40252
combined_hard_shift,language_prior_policy,2,48,0.39583,0.35417,0.20833,0.29439,0.00000,0.00000,0.75000,0.36615,0.06250,0.00000,0.42525
combined_hard_shift,language_prior_policy,3,48,0.39583,0.35417,0.18750,0.28330,0.00000,0.00000,0.79167,0.45106,0.02083,0.00000,0.39147
combined_hard_shift,language_prior_policy,4,48,0.27083,0.35417,0.25000,0.29818,0.00000,0.00000,0.70139,0.38275,0.02083,0.00000,0.40488
combined_hard_shift,language_prior_policy,5,48,0.31250,0.47917,0.16667,0.28593,0.00000,0.00000,0.68056,0.35733,0.04167,0.00000,0.40862
combined_hard_shift,language_prior_policy,6,48,0.41667,0.16667,0.20833,0.28458,0.00000,0.00000,0.79861,0.42427,0.06250,0.00000,0.39892
combined_hard_shift,language_prior_policy,7,48,0.43750,0.27083,0.16667,0.25876,0.00000,0.00000,0.75695,0.40242,0.00000,0.00000,0.37619
combined_hard_shift,language_prior_policy,8,48,0.43750,0.37500,0.20833,0.28251,0.00000,0.00000,0.77083,0.38945,0.02083,0.00000,0.44351
combined_hard_shift,language_prior_policy,9,48,0.39583,0.33333,0.22917,0.27062,0.00000,0.00000,0.73611,0.38636,0.02083,0.00000,0.39831
combined_hard_shift,vision_language_policy,0,48,0.29167,0.35417,0.27083,0.33122,0.00000,0.00000,0.57639,0.29854,0.04167,0.00000,0.48202
combined_hard_shift,vision_language_policy,1,48,0.35417,0.33333,0.18750,0.29849,0.00000,0.00000,0.56250,0.31673,0.00000,0.00000,0.41829
combined_hard_shift,vision_language_policy,2,48,0.20833,0.50000,0.22917,0.33189,0.00000,0.00000,0.58333,0.33386,0.02083,0.00000,0.47880
combined_hard_shift,vision_language_policy,3,48,0.31250,0.39583,0.18750,0.32268,0.00000,0.00000,0.52083,0.29521,0.04167,0.00000,0.47210
combined_hard_shift,vision_language_policy,4,48,0.33333,0.31250,0.29167,0.31388,0.00000,0.00000,0.56250,0.31198,0.08333,0.00000,0.44273
combined_hard_shift,vision_language_policy,5,48,0.33333,0.43750,0.10417,0.30711,0.00000,0.00000,0.57639,0.30204,0.02083,0.00000,0.43533
combined_hard_shift,vision_language_policy,6,48,0.41667,0.22917,0.20833,0.29205,0.00000,0.00000,0.63889,0.31784,0.10417,0.00000,0.39709
combined_hard_shift,vision_language_policy,7,48,0.37500,0.29167,0.18750,0.29977,0.00000,0.00000,0.54167,0.29107,0.02083,0.00000,0.42063
combined_hard_shift,vision_language_policy,8,48,0.25000,0.45833,0.20833,0.31822,0.00000,0.00000,0.60417,0.33382,0.02083,0.00000,0.45593
combined_hard_shift,vision_language_policy,9,48,0.37500,0.29167,0.27083,0.30143,0.00000,0.00000,0.56250,0.33985,0.04167,0.00000,0.44838
combined_hard_shift,uncertainty_threshold_policy,0,48,0.20833,0.25000,0.33333,0.35155,0.00000,0.00000,0.57639,0.29854,0.04167,0.00000,0.53706
combined_hard_shift,uncertainty_threshold_policy,1,48,0.29167,0.14583,0.33333,0.34437,0.00000,0.00000,0.56250,0.31673,0.00000,0.00000,0.51639
combined_hard_shift,uncertainty_threshold_policy,2,48,0.35417,0.16667,0.29167,0.34705,0.00000,0.00000,0.58333,0.33386,0.02083,0.00000,0.52269
combined_hard_shift,uncertainty_threshold_policy,3,48,0.22917,0.22917,0.33333,0.32746,0.00000,0.00000,0.52083,0.29521,0.02083,0.00000,0.50432
combined_hard_shift,uncertainty_threshold_policy,4,48,0.22917,0.22917,0.35417,0.35500,0.00000,0.00000,0.56250,0.31198,0.08333,0.00000,0.52181
combined_hard_shift,uncertainty_threshold_policy,5,48,0.33333,0.22917,0.25000,0.30588,0.00000,0.00000,0.57639,0.30204,0.02083,0.00000,0.50868
combined_hard_shift,uncertainty_threshold_policy,6,48,0.22917,0.12500,0.33333,0.34868,0.00000,0.00000,0.63889,0.31784,0.12500,0.00000,0.50782
combined_hard_shift,uncertainty_threshold_policy,7,48,0.35417,0.12500,0.33333,0.33293,0.00000,0.00000,0.54167,0.29107,0.02083,0.00000,0.49152
combined_hard_shift,uncertainty_threshold_policy,8,48,0.29167,0.22917,0.31250,0.32703,0.00000,0.00000,0.60417,0.33382,0.02083,0.00000,0.48298
combined_hard_shift,uncertainty_threshold_policy,9,48,0.25000,0.12500,0.43750,0.36109,0.00000,0.00000,0.56250,0.33985,0.04167,0.00000,0.56253
combined_hard_shift,passive_tactile_classifier,0,48,0.31250,0.33333,0.29167,0.28708,2.00000,0.24000,0.69445,0.37452,0.02083,0.00000,0.42514
combined_hard_shift,passive_tactile_classifier,1,48,0.52083,0.29167,0.14583,0.26374,2.00000,0.24000,0.70139,0.38512,0.00000,0.00000,0.39604
combined_hard_shift,passive_tactile_classifier,2,48,0.27083,0.47917,0.18750,0.31012,2.00000,0.24000,0.68750,0.37476,0.00000,0.00000,0.46312
combined_hard_shift,passive_tactile_classifier,3,48,0.35417,0.35417,0.16667,0.29202,2.00000,0.24000,0.62500,0.32298,0.00000,0.00000,0.45729
combined_hard_shift,passive_tactile_classifier,4,48,0.35417,0.29167,0.20833,0.28502,2.00000,0.24000,0.68056,0.32889,0.00000,0.00000,0.40267
combined_hard_shift,passive_tactile_classifier,5,48,0.45833,0.35417,0.10417,0.26711,2.00000,0.24000,0.70139,0.36158,0.02083,0.00000,0.39106
combined_hard_shift,passive_tactile_classifier,6,48,0.47917,0.18750,0.20833,0.25969,2.00000,0.24000,0.75000,0.38450,0.00000,0.00000,0.37842
combined_hard_shift,passive_tactile_classifier,7,48,0.33333,0.31250,0.18750,0.27460,2.00000,0.24000,0.63889,0.36079,0.02083,0.00000,0.37340
combined_hard_shift,passive_tactile_classifier,8,48,0.31250,0.43750,0.20833,0.28850,2.00000,0.24000,0.68750,0.37185,0.00000,0.00000,0.41340
combined_hard_shift,passive_tactile_classifier,9,48,0.41667,0.27083,0.20833,0.26707,2.00000,0.24000,0.67361,0.33926,0.00000,0.00000,0.39244
combined_hard_shift,greedy_active_touch,0,48,0.25000,0.47917,0.27083,0.29201,2.00000,0.26833,0.63889,0.29757,0.06250,0.00000,0.42435
combined_hard_shift,greedy_active_touch,1,48,0.33333,0.43750,0.18750,0.27289,2.00000,0.26958,0.67361,0.30305,0.00000,0.00000,0.38893
combined_hard_shift,greedy_active_touch,2,48,0.16667,0.58333,0.20833,0.31882,2.00000,0.26312,0.65278,0.31819,0.00000,0.00000,0.47344
combined_hard_shift,greedy_active_touch,3,48,0.29167,0.56250,0.12500,0.29189,2.00000,0.26375,0.65278,0.27135,0.04167,0.00000,0.44879
combined_hard_shift,greedy_active_touch,4,48,0.33333,0.39583,0.20833,0.28083,2.00000,0.26979,0.65278,0.29590,0.00000,0.00000,0.41942
combined_hard_shift,greedy_active_touch,5,48,0.29167,0.50000,0.14583,0.27384,2.00000,0.25292,0.68750,0.28662,0.02083,0.00000,0.39772
combined_hard_shift,greedy_active_touch,6,48,0.41667,0.31250,0.22917,0.25844,2.00000,0.25312,0.71528,0.27931,0.04167,0.00000,0.37507
combined_hard_shift,greedy_active_touch,7,48,0.37500,0.35417,0.20833,0.26849,2.00000,0.26229,0.61806,0.29258,0.00000,0.00000,0.35936
combined_hard_shift,greedy_active_touch,8,48,0.27083,0.52083,0.18750,0.28279,2.00000,0.26146,0.67361,0.33098,0.00000,0.00000,0.38547
combined_hard_shift,greedy_active_touch,9,48,0.31250,0.50000,0.25000,0.27596,2.00000,0.26958,0.64583,0.29527,0.00000,0.00000,0.43175
combined_hard_shift,strong_tactile_then_policy,0,48,0.12500,0.64583,0.25000,0.24921,6.00000,0.79000,0.73611,0.37433,0.00000,0.00000,0.38137
combined_hard_shift,strong_tactile_then_policy,1,48,0.25000,0.54167,0.16667,0.24996,6.00000,0.79000,0.78472,0.43913,0.00000,0.00000,0.37306
combined_hard_shift,strong_tactile_then_policy,2,48,0.18750,0.66667,0.16667,0.27566,6.00000,0.79000,0.78472,0.40754,0.00000,0.00000,0.38948
combined_hard_shift,strong_tactile_then_policy,3,48,0.18750,0.70833,0.14583,0.24519,6.00000,0.79000,0.77778,0.40854,0.00000,0.00000,0.37424
combined_hard_shift,strong_tactile_then_policy,4,48,0.25000,0.56250,0.16667,0.24240,6.00000,0.79000,0.79861,0.41417,0.00000,0.00000,0.35671
combined_hard_shift,strong_tactile_then_policy,5,48,0.18750,0.70833,0.14583,0.23013,6.00000,0.79000,0.77083,0.35758,0.00000,0.00000,0.32669
combined_hard_shift,strong_tactile_then_policy,6,48,0.39583,0.41667,0.16667,0.23769,6.00000,0.79000,0.84028,0.43767,0.00000,0.00000,0.33766
combined_hard_shift,strong_tactile_then_policy,7,48,0.25000,0.54167,0.18750,0.23174,6.00000,0.79000,0.78472,0.41762,0.00000,0.00000,0.35243
combined_hard_shift,strong_tactile_then_policy,8,48,0.18750,0.66667,0.16667,0.24982,6.00000,0.79000,0.77083,0.39763,0.00000,0.00000,0.35887
combined_hard_shift,strong_tactile_then_policy,9,48,0.16667,0.62500,0.20833,0.24172,6.00000,0.79000,0.82639,0.43785,0.00000,0.00000,0.34618
combined_hard_shift,risk_aware_touch_policy,0,48,0.33333,0.31250,0.27083,0.30577,2.00000,0.22854,0.69445,0.32044,0.06250,0.00000,0.43642
combined_hard_shift,risk_aware_touch_policy,1,48,0.43750,0.25000,0.20833,0.27313,1.93750,0.22479,0.69444,0.33206,0.04167,0.00000,0.42057
combined_hard_shift,risk_aware_touch_policy,2,48,0.35417,0.39583,0.18750,0.30256,1.89583,0.20917,0.74306,0.34635,0.00000,0.00000,0.45991
combined_hard_shift,risk_aware_touch_policy,3,48,0.43750,0.33333,0.20833,0.29143,1.93750,0.21146,0.65972,0.29939,0.02083,0.00000,0.44245
combined_hard_shift,risk_aware_touch_policy,4,48,0.41667,0.31250,0.20833,0.26951,1.93750,0.21938,0.76389,0.34930,0.02083,0.00000,0.41389
combined_hard_shift,risk_aware_touch_policy,5,48,0.41667,0.35417,0.10417,0.26310,1.85417,0.19250,0.69445,0.29925,0.02083,0.00000,0.35857
combined_hard_shift,risk_aware_touch_policy,6,48,0.52083,0.16667,0.22917,0.26484,1.97917,0.21771,0.77083,0.33741,0.02083,0.00000,0.38597
combined_hard_shift,risk_aware_touch_policy,7,48,0.45833,0.20833,0.22917,0.27171,2.00000,0.22521,0.68750,0.28786,0.02083,0.00000,0.42360
combined_hard_shift,risk_aware_touch_policy,8,48,0.41667,0.33333,0.18750,0.26523,1.91667,0.20792,0.75000,0.35592,0.06250,0.00000,0.43025
combined_hard_shift,risk_aware_touch_policy,9,48,0.41667,0.16667,0.33333,0.26990,1.91667,0.21500,0.79861,0.38675,0.08333,0.00000,0.43382
combined_hard_shift,budgeted_information_gain,0,48,0.31250,0.33333,0.25000,0.30486,2.00000,0.22125,0.67361,0.28592,0.06250,0.00000,0.43846
combined_hard_shift,budgeted_information_gain,1,48,0.47917,0.27083,0.16667,0.26633,2.00000,0.21729,0.72222,0.36191,0.04167,0.00000,0.39922
combined_hard_shift,budgeted_information_gain,2,48,0.35417,0.43750,0.16667,0.29347,2.00000,0.21417,0.75000,0.34691,0.02083,0.00000,0.40649
combined_hard_shift,budgeted_information_gain,3,48,0.37500,0.41667,0.16667,0.29264,2.00000,0.22417,0.69445,0.29555,0.00000,0.00000,0.40994
combined_hard_shift,budgeted_information_gain,4,48,0.35417,0.33333,0.25000,0.29236,2.00000,0.22042,0.73611,0.32346,0.04167,0.00000,0.47114
combined_hard_shift,budgeted_information_gain,5,48,0.39583,0.35417,0.10417,0.27210,2.00000,0.21167,0.70139,0.27995,0.02083,0.00000,0.38644
combined_hard_shift,budgeted_information_gain,6,48,0.60417,0.12500,0.16667,0.24970,2.00000,0.21708,0.79167,0.33615,0.02083,0.00000,0.35216
combined_hard_shift,budgeted_information_gain,7,48,0.45833,0.20833,0.22917,0.26517,2.00000,0.21854,0.72222,0.30673,0.04167,0.00000,0.39632
combined_hard_shift,budgeted_information_gain,8,48,0.39583,0.43750,0.16667,0.28689,2.00000,0.21771,0.72222,0.33145,0.02083,0.00000,0.42462
combined_hard_shift,budgeted_information_gain,9,48,0.41667,0.25000,0.25000,0.26434,2.00000,0.21625,0.77778,0.35699,0.06250,0.00000,0.37079
combined_hard_shift,calibrated_debt_threshold,0,48,0.29167,0.25000,0.25000,0.39221,1.97917,0.21646,0.69445,0.34049,0.02083,0.18750,0.85000
combined_hard_shift,calibrated_debt_threshold,1,48,0.31250,0.25000,0.12500,0.40212,1.93750,0.21292,0.71528,0.36733,0.04167,0.22917,0.85000
combined_hard_shift,calibrated_debt_threshold,2,48,0.33333,0.35417,0.16667,0.37370,1.89583,0.20417,0.77778,0.40447,0.00000,0.12500,0.85000
combined_hard_shift,calibrated_debt_threshold,3,48,0.29167,0.35417,0.14583,0.37987,1.89583,0.20437,0.66667,0.33823,0.02083,0.16667,0.85000
combined_hard_shift,calibrated_debt_threshold,4,48,0.39583,0.31250,0.14583,0.34720,1.91667,0.20563,0.78472,0.39683,0.02083,0.12500,0.85000
combined_hard_shift,calibrated_debt_threshold,5,48,0.43750,0.33333,0.12500,0.27354,1.85417,0.19250,0.71528,0.32811,0.00000,0.04167,0.37782
combined_hard_shift,calibrated_debt_threshold,6,48,0.43750,0.20833,0.20833,0.32047,1.95833,0.21354,0.81945,0.42241,0.00000,0.10417,0.61670
combined_hard_shift,calibrated_debt_threshold,7,48,0.41667,0.16667,0.14583,0.37627,2.00000,0.22562,0.71528,0.33173,0.02083,0.18750,0.85000
combined_hard_shift,calibrated_debt_threshold,8,48,0.33333,0.35417,0.14583,0.32630,1.89583,0.19937,0.75695,0.36553,0.04167,0.12500,0.85000
combined_hard_shift,calibrated_debt_threshold,9,48,0.35417,0.18750,0.27083,0.35363,1.91667,0.21000,0.77778,0.40057,0.04167,0.14583,0.85000
combined_hard_shift,counterfactual_material_filter,0,48,0.31250,0.35417,0.27083,0.30151,1.95833,0.22792,0.71528,0.34417,0.04167,0.00000,0.42592
combined_hard_shift,counterfactual_material_filter,1,48,0.39583,0.29167,0.20833,0.27115,1.85417,0.21354,0.72222,0.37400,0.02083,0.00000,0.40417
combined_hard_shift,counterfactual_material_filter,2,48,0.47917,0.33333,0.20833,0.29217,1.85417,0.20375,0.79861,0.40282,0.00000,0.00000,0.45563
combined_hard_shift,counterfactual_material_filter,3,48,0.35417,0.43750,0.16667,0.29063,1.83333,0.21000,0.68750,0.36004,0.02083,0.00000,0.43687
combined_hard_shift,counterfactual_material_filter,4,48,0.37500,0.33333,0.20833,0.27159,1.89583,0.21375,0.77083,0.38023,0.02083,0.00000,0.40469
combined_hard_shift,counterfactual_material_filter,5,48,0.45833,0.33333,0.14583,0.24908,1.81250,0.19396,0.72917,0.31061,0.00000,0.00000,0.35537
combined_hard_shift,counterfactual_material_filter,6,48,0.47917,0.22917,0.18750,0.26085,1.93750,0.22604,0.80556,0.39527,0.02083,0.00000,0.37744
combined_hard_shift,counterfactual_material_filter,7,48,0.54167,0.18750,0.18750,0.25799,2.00000,0.23229,0.70833,0.32522,0.00000,0.00000,0.42793
combined_hard_shift,counterfactual_material_filter,8,48,0.35417,0.39583,0.18750,0.26160,1.83333,0.20312,0.78472,0.38332,0.08333,0.00000,0.39149
combined_hard_shift,counterfactual_material_filter,9,48,0.43750,0.16667,0.29167,0.25806,1.83333,0.21188,0.79167,0.41411,0.02083,0.00000,0.36271
combined_hard_shift,grounding_debt_planner_v5,0,48,0.37500,0.31250,0.27083,0.28886,2.00000,0.20792,0.70139,0.34933,0.00000,0.00000,0.42329
combined_hard_shift,grounding_debt_planner_v5,1,48,0.43750,0.25000,0.20833,0.26990,1.93750,0.19604,0.75000,0.40559,0.04167,0.00000,0.41158
combined_hard_shift,grounding_debt_planner_v5,2,48,0.43750,0.33333,0.18750,0.29852,1.89583,0.19271,0.77778,0.38572,0.00000,0.00000,0.45243
combined_hard_shift,grounding_debt_planner_v5,3,48,0.43750,0.33333,0.18750,0.29025,1.91667,0.19417,0.67361,0.34348,0.00000,0.00000,0.43687
combined_hard_shift,grounding_debt_planner_v5,4,48,0.43750,0.27083,0.25000,0.26695,1.93750,0.19687,0.79167,0.41705,0.00000,0.00000,0.39980
combined_hard_shift,grounding_debt_planner_v5,5,48,0.45833,0.33333,0.12500,0.25247,1.85417,0.18563,0.71528,0.30399,0.02083,0.00000,0.35813
combined_hard_shift,grounding_debt_planner_v5,6,48,0.52083,0.16667,0.22917,0.26543,1.97917,0.20583,0.77083,0.36654,0.00000,0.00000,0.37550
combined_hard_shift,grounding_debt_planner_v5,7,48,0.47917,0.20833,0.20833,0.27228,2.00000,0.20792,0.70139,0.30264,0.02083,0.00000,0.43932
combined_hard_shift,grounding_debt_planner_v5,8,48,0.41667,0.35417,0.18750,0.26281,1.89583,0.19146,0.75000,0.35816,0.06250,0.00000,0.43196
combined_hard_shift,grounding_debt_planner_v5,9,48,0.35417,0.18750,0.31250,0.27838,1.91667,0.19542,0.75695,0.35688,0.04167,0.00000,0.42450
combined_hard_shift,oracle_tactile_upper_bound,0,48,1.00000,0.00000,0.00000,0.01348,0.00000,0.00000,1.00000,0.04000,0.00000,0.00000,0.01903
combined_hard_shift,oracle_tactile_upper_bound,1,48,1.00000,0.00000,0.00000,0.01250,0.00000,0.00000,1.00000,0.04000,0.00000,0.00000,0.01621
combined_hard_shift,oracle_tactile_upper_bound,2,48,1.00000,0.00000,0.00000,0.01376,0.00000,0.00000,1.00000,0.04000,0.00000,0.00000,0.01900
combined_hard_shift,oracle_tactile_upper_bound,3,48,1.00000,0.00000,0.00000,0.01330,0.00000,0.00000,1.00000,0.04000,0.00000,0.00000,0.01871
combined_hard_shift,oracle_tactile_upper_bound,4,48,1.00000,0.00000,0.00000,0.01358,0.00000,0.00000,1.00000,0.04000,0.00000,0.00000,0.01706
combined_hard_shift,oracle_tactile_upper_bound,5,48,1.00000,0.00000,0.00000,0.01303,0.00000,0.00000,1.00000,0.04000,0.00000,0.00000,0.01677
combined_hard_shift,oracle_tactile_upper_bound,6,48,1.00000,0.00000,0.00000,0.01332,0.00000,0.00000,1.00000,0.04000,0.00000,0.00000,0.01706
combined_hard_shift,oracle_tactile_upper_bound,7,48,1.00000,0.00000,0.00000,0.01250,0.00000,0.00000,1.00000,0.04000,0.00000,0.00000,0.01623
combined_hard_shift,oracle_tactile_upper_bound,8,48,1.00000,0.00000,0.00000,0.01320,0.00000,0.00000,1.00000,0.04000,0.00000,0.00000,0.01960
combined_hard_shift,oracle_tactile_upper_bound,9,48,1.00000,0.00000,0.00000,0.01230,0.00000,0.00000,1.00000,0.04000,0.00000,0.00000,0.01687
adversarial_language_vision_trap,language_prior_policy,0,48,0.39583,0.33333,0.12500,0.28085,0.00000,0.00000,0.67361,0.41985,0.02083,0.00000,0.40624
adversarial_language_vision_trap,language_prior_policy,1,48,0.25000,0.58333,0.12500,0.30608,0.00000,0.00000,0.61111,0.36043,0.02083,0.00000,0.46223
adversarial_language_vision_trap,language_prior_policy,2,48,0.35417,0.37500,0.16667,0.31870,0.00000,0.00000,0.67361,0.38199,0.02083,0.00000,0.47680
adversarial_language_vision_trap,language_prior_policy,3,48,0.29167,0.35417,0.25000,0.31230,0.00000,0.00000,0.63889,0.35258,0.04167,0.00000,0.43559
adversarial_language_vision_trap,language_prior_policy,4,48,0.27083,0.39583,0.20833,0.32838,0.00000,0.00000,0.64583,0.36276,0.02083,0.00000,0.53796
adversarial_language_vision_trap,language_prior_policy,5,48,0.33333,0.39583,0.18750,0.31113,0.00000,0.00000,0.61806,0.30691,0.00000,0.00000,0.45908
adversarial_language_vision_trap,language_prior_policy,6,48,0.31250,0.43750,0.14583,0.30040,0.00000,0.00000,0.68056,0.38199,0.02083,0.00000,0.43549
adversarial_language_vision_trap,language_prior_policy,7,48,0.31250,0.27083,0.27083,0.30048,0.00000,0.00000,0.56250,0.29629,0.00000,0.00000,0.43336
adversarial_language_vision_trap,language_prior_policy,8,48,0.27083,0.29167,0.25000,0.31565,0.00000,0.00000,0.50694,0.29614,0.06250,0.00000,0.42657
adversarial_language_vision_trap,language_prior_policy,9,48,0.35417,0.39583,0.20833,0.32465,0.00000,0.00000,0.61806,0.34994,0.04167,0.00000,0.44945
adversarial_language_vision_trap,vision_language_policy,0,48,0.33333,0.27083,0.18750,0.31836,0.00000,0.00000,0.38194,0.25105,0.04167,0.00000,0.48648
adversarial_language_vision_trap,vision_language_policy,1,48,0.22917,0.52083,0.16667,0.33471,0.00000,0.00000,0.36111,0.28121,0.02083,0.00000,0.48573
adversarial_language_vision_trap,vision_language_policy,2,48,0.20833,0.37500,0.22917,0.36469,0.00000,0.00000,0.35417,0.26894,0.04167,0.00000,0.50744
adversarial_language_vision_trap,vision_language_policy,3,48,0.22917,0.41667,0.27083,0.35283,0.00000,0.00000,0.40972,0.28781,0.04167,0.00000,0.50386
adversarial_language_vision_trap,vision_language_policy,4,48,0.27083,0.41667,0.18750,0.35035,0.00000,0.00000,0.46528,0.30233,0.00000,0.00000,0.52434
adversarial_language_vision_trap,vision_language_policy,5,48,0.27083,0.39583,0.22917,0.32400,0.00000,0.00000,0.41667,0.26726,0.02083,0.00000,0.45257
adversarial_language_vision_trap,vision_language_policy,6,48,0.16667,0.43750,0.25000,0.33390,0.00000,0.00000,0.41667,0.28308,0.00000,0.00000,0.46704
adversarial_language_vision_trap,vision_language_policy,7,48,0.22917,0.29167,0.33333,0.34528,0.00000,0.00000,0.34722,0.25884,0.04167,0.00000,0.51672
adversarial_language_vision_trap,vision_language_policy,8,48,0.25000,0.31250,0.29167,0.34002,0.00000,0.00000,0.40972,0.23235,0.02083,0.00000,0.43691
adversarial_language_vision_trap,vision_language_policy,9,48,0.25000,0.45833,0.18750,0.34044,0.00000,0.00000,0.45833,0.29043,0.04167,0.00000,0.47204
adversarial_language_vision_trap,uncertainty_threshold_policy,0,48,0.10417,0.18750,0.50000,0.35688,0.00000,0.00000,0.38194,0.25105,0.04167,0.00000,0.51859
adversarial_language_vision_trap,uncertainty_threshold_policy,1,48,0.20833,0.29167,0.27083,0.33286,0.00000,0.00000,0.36111,0.28121,0.02083,0.00000,0.50801
adversarial_language_vision_trap,uncertainty_threshold_policy,2,48,0.16667,0.27083,0.33333,0.38112,0.00000,0.00000,0.35417,0.26894,0.04167,0.00000,0.55353
adversarial_language_vision_trap,uncertainty_threshold_policy,3,48,0.25000,0.29167,0.39583,0.36571,0.00000,0.00000,0.40972,0.28781,0.04167,0.00000,0.54495
adversarial_language_vision_trap,uncertainty_threshold_policy,4,48,0.14583,0.35417,0.35417,0.35383,0.00000,0.00000,0.46528,0.30233,0.00000,0.00000,0.49040
adversarial_language_vision_trap,uncertainty_threshold_policy,5,48,0.25000,0.25000,0.31250,0.34082,0.00000,0.00000,0.41667,0.26726,0.02083,0.00000,0.52741
adversarial_language_vision_trap,uncertainty_threshold_policy,6,48,0.16667,0.29167,0.35417,0.34676,0.00000,0.00000,0.41667,0.28308,0.00000,0.00000,0.48362
adversarial_language_vision_trap,uncertainty_threshold_policy,7,48,0.22917,0.20833,0.37500,0.38343,0.00000,0.00000,0.34722,0.25884,0.04167,0.00000,0.57811
adversarial_language_vision_trap,uncertainty_threshold_policy,8,48,0.14583,0.18750,0.47917,0.37121,0.00000,0.00000,0.40972,0.23235,0.02083,0.00000,0.52422
adversarial_language_vision_trap,uncertainty_threshold_policy,9,48,0.12500,0.33333,0.39583,0.34155,0.00000,0.00000,0.45833,0.29043,0.04167,0.00000,0.47379
adversarial_language_vision_trap,passive_tactile_classifier,0,48,0.35417,0.25000,0.22917,0.27722,2.00000,0.24000,0.57639,0.33421,0.00000,0.00000,0.41612
adversarial_language_vision_trap,passive_tactile_classifier,1,48,0.33333,0.50000,0.14583,0.29692,2.00000,0.24000,0.55556,0.30918,0.02083,0.00000,0.42508
adversarial_language_vision_trap,passive_tactile_classifier,2,48,0.33333,0.37500,0.14583,0.31326,2.00000,0.24000,0.60417,0.31915,0.02083,0.00000,0.45431
adversarial_language_vision_trap,passive_tactile_classifier,3,48,0.31250,0.35417,0.22917,0.30409,2.00000,0.24000,0.61806,0.32125,0.00000,0.00000,0.40999
adversarial_language_vision_trap,passive_tactile_classifier,4,48,0.41667,0.37500,0.12500,0.30239,2.00000,0.24000,0.61806,0.33203,0.00000,0.00000,0.43190
adversarial_language_vision_trap,passive_tactile_classifier,5,48,0.37500,0.35417,0.22917,0.27901,2.00000,0.24000,0.59722,0.31172,0.02083,0.00000,0.40216
adversarial_language_vision_trap,passive_tactile_classifier,6,48,0.39583,0.33333,0.16667,0.28264,2.00000,0.24000,0.61806,0.36705,0.02083,0.00000,0.38831
adversarial_language_vision_trap,passive_tactile_classifier,7,48,0.37500,0.25000,0.29167,0.29604,2.00000,0.24000,0.57639,0.33265,0.00000,0.00000,0.40902
adversarial_language_vision_trap,passive_tactile_classifier,8,48,0.43750,0.25000,0.27083,0.28373,2.00000,0.24000,0.53472,0.26566,0.02083,0.00000,0.39492
adversarial_language_vision_trap,passive_tactile_classifier,9,48,0.37500,0.37500,0.16667,0.28109,2.00000,0.24000,0.63195,0.32674,0.02083,0.00000,0.39785
adversarial_language_vision_trap,greedy_active_touch,0,48,0.31250,0.41667,0.20833,0.29018,2.00000,0.26813,0.52778,0.25055,0.00000,0.00000,0.44845
adversarial_language_vision_trap,greedy_active_touch,1,48,0.22917,0.56250,0.14583,0.29789,2.00000,0.26062,0.54167,0.27655,0.06250,0.00000,0.45827
adversarial_language_vision_trap,greedy_active_touch,2,48,0.27083,0.41667,0.14583,0.32697,2.00000,0.25542,0.51389,0.23209,0.00000,0.00000,0.47290
adversarial_language_vision_trap,greedy_active_touch,3,48,0.20833,0.58333,0.27083,0.32403,2.00000,0.26500,0.56944,0.28961,0.00000,0.00000,0.45454
adversarial_language_vision_trap,greedy_active_touch,4,48,0.27083,0.50000,0.14583,0.29913,2.00000,0.25583,0.56250,0.27089,0.02083,0.00000,0.45324
adversarial_language_vision_trap,greedy_active_touch,5,48,0.33333,0.50000,0.20833,0.29693,2.00000,0.26167,0.55556,0.26518,0.04167,0.00000,0.44720
adversarial_language_vision_trap,greedy_active_touch,6,48,0.25000,0.47917,0.22917,0.30134,2.00000,0.26292,0.52778,0.28803,0.02083,0.00000,0.42231
adversarial_language_vision_trap,greedy_active_touch,7,48,0.27083,0.39583,0.33333,0.31187,2.00000,0.27271,0.49306,0.29051,0.00000,0.00000,0.48036
adversarial_language_vision_trap,greedy_active_touch,8,48,0.18750,0.50000,0.27083,0.31384,2.00000,0.26750,0.50694,0.21475,0.02083,0.00000,0.43063
adversarial_language_vision_trap,greedy_active_touch,9,48,0.27083,0.56250,0.20833,0.30170,2.00000,0.26438,0.55556,0.27853,0.04167,0.00000,0.47318
adversarial_language_vision_trap,strong_tactile_then_policy,0,48,0.35417,0.47917,0.16667,0.22277,6.00000,0.79000,0.78472,0.45978,0.00000,0.00000,0.31463
adversarial_language_vision_trap,strong_tactile_then_policy,1,48,0.16667,0.72917,0.10417,0.24557,6.00000,0.79000,0.76389,0.43737,0.00000,0.00000,0.36922
adversarial_language_vision_trap,strong_tactile_then_policy,2,48,0.33333,0.56250,0.08333,0.24375,6.00000,0.79000,0.79861,0.40899,0.00000,0.00000,0.35042
adversarial_language_vision_trap,strong_tactile_then_policy,3,48,0.20833,0.62500,0.16667,0.24985,6.00000,0.79000,0.79167,0.45269,0.00000,0.00000,0.37597
adversarial_language_vision_trap,strong_tactile_then_policy,4,48,0.22917,0.62500,0.10417,0.23705,6.00000,0.79000,0.81945,0.42216,0.00000,0.00000,0.34658
adversarial_language_vision_trap,strong_tactile_then_policy,5,48,0.22917,0.64583,0.14583,0.23312,6.00000,0.79000,0.80556,0.45980,0.00000,0.00000,0.34036
adversarial_language_vision_trap,strong_tactile_then_policy,6,48,0.20833,0.70833,0.14583,0.23400,6.00000,0.79000,0.81944,0.43911,0.00000,0.00000,0.36012
adversarial_language_vision_trap,strong_tactile_then_policy,7,48,0.16667,0.58333,0.29167,0.23697,6.00000,0.79000,0.78472,0.43561,0.00000,0.00000,0.33418
adversarial_language_vision_trap,strong_tactile_then_policy,8,48,0.27083,0.60417,0.18750,0.23346,6.00000,0.79000,0.74306,0.40242,0.00000,0.00000,0.33124
adversarial_language_vision_trap,strong_tactile_then_policy,9,48,0.20833,0.66667,0.16667,0.23231,6.00000,0.79000,0.81250,0.41858,0.00000,0.00000,0.34316
adversarial_language_vision_trap,risk_aware_touch_policy,0,48,0.45833,0.20833,0.22917,0.27242,1.87500,0.21000,0.65972,0.30743,0.00000,0.00000,0.38600
adversarial_language_vision_trap,risk_aware_touch_policy,1,48,0.37500,0.43750,0.10417,0.28918,1.85417,0.19958,0.66667,0.32462,0.06250,0.00000,0.42358
adversarial_language_vision_trap,risk_aware_touch_policy,2,48,0.33333,0.33333,0.20833,0.29983,1.95833,0.21437,0.70139,0.28127,0.08333,0.00000,0.45804
adversarial_language_vision_trap,risk_aware_touch_policy,3,48,0.35417,0.35417,0.22917,0.31455,1.89583,0.20729,0.65972,0.31478,0.02083,0.00000,0.44278
adversarial_language_vision_trap,risk_aware_touch_policy,4,48,0.45833,0.33333,0.14583,0.28532,1.95833,0.21813,0.69445,0.29880,0.02083,0.00000,0.39731
adversarial_language_vision_trap,risk_aware_touch_policy,5,48,0.41667,0.29167,0.25000,0.28255,1.97917,0.22354,0.69445,0.32850,0.04167,0.00000,0.41289
adversarial_language_vision_trap,risk_aware_touch_policy,6,48,0.31250,0.33333,0.22917,0.29641,1.85417,0.20083,0.66667,0.30020,0.04167,0.00000,0.42206
adversarial_language_vision_trap,risk_aware_touch_policy,7,48,0.31250,0.25000,0.33333,0.29174,1.93750,0.21146,0.65278,0.30113,0.02083,0.00000,0.41627
adversarial_language_vision_trap,risk_aware_touch_policy,8,48,0.29167,0.25000,0.29167,0.30641,1.87500,0.20417,0.60417,0.23063,0.04167,0.00000,0.39033
adversarial_language_vision_trap,risk_aware_touch_policy,9,48,0.39583,0.31250,0.22917,0.28565,1.93750,0.21438,0.71528,0.30440,0.04167,0.00000,0.44428
adversarial_language_vision_trap,budgeted_information_gain,0,48,0.41667,0.29167,0.25000,0.27432,2.00000,0.21583,0.65278,0.29769,0.00000,0.00000,0.40786
adversarial_language_vision_trap,budgeted_information_gain,1,48,0.31250,0.56250,0.12500,0.27927,2.00000,0.21937,0.68056,0.31925,0.08333,0.00000,0.40834
adversarial_language_vision_trap,budgeted_information_gain,2,48,0.31250,0.41667,0.14583,0.30245,2.00000,0.21646,0.68750,0.27006,0.06250,0.00000,0.44747
adversarial_language_vision_trap,budgeted_information_gain,3,48,0.33333,0.37500,0.22917,0.30710,2.00000,0.21125,0.68750,0.35053,0.00000,0.00000,0.44705
adversarial_language_vision_trap,budgeted_information_gain,4,48,0.41667,0.37500,0.10417,0.29039,2.00000,0.21813,0.68750,0.29172,0.04167,0.00000,0.41563
adversarial_language_vision_trap,budgeted_information_gain,5,48,0.43750,0.31250,0.20833,0.26260,2.00000,0.22625,0.70833,0.31921,0.08333,0.00000,0.39925
adversarial_language_vision_trap,budgeted_information_gain,6,48,0.41667,0.35417,0.16667,0.27754,2.00000,0.21708,0.69445,0.28813,0.06250,0.00000,0.41055
adversarial_language_vision_trap,budgeted_information_gain,7,48,0.35417,0.25000,0.29167,0.28987,2.00000,0.21750,0.65972,0.30759,0.00000,0.00000,0.41263
adversarial_language_vision_trap,budgeted_information_gain,8,48,0.35417,0.27083,0.25000,0.29535,2.00000,0.22958,0.65278,0.24560,0.04167,0.00000,0.40627
adversarial_language_vision_trap,budgeted_information_gain,9,48,0.31250,0.45833,0.20833,0.28629,2.00000,0.21625,0.72222,0.31846,0.00000,0.00000,0.40020
adversarial_language_vision_trap,calibrated_debt_threshold,0,48,0.35417,0.16667,0.14583,0.46022,1.87500,0.20354,0.69445,0.38213,0.00000,0.33333,0.85000
adversarial_language_vision_trap,calibrated_debt_threshold,1,48,0.27083,0.29167,0.06250,0.47685,1.83333,0.19771,0.67361,0.36687,0.04167,0.33333,0.85000
adversarial_language_vision_trap,calibrated_debt_threshold,2,48,0.22917,0.33333,0.12500,0.43094,1.95833,0.21792,0.67361,0.28330,0.02083,0.25000,0.85000
adversarial_language_vision_trap,calibrated_debt_threshold,3,48,0.25000,0.27083,0.18750,0.46153,1.87500,0.19792,0.63889,0.31708,0.00000,0.27083,0.85000
adversarial_language_vision_trap,calibrated_debt_threshold,4,48,0.35417,0.22917,0.14583,0.40143,1.93750,0.21292,0.71528,0.32859,0.00000,0.22917,0.85000
adversarial_language_vision_trap,calibrated_debt_threshold,5,48,0.33333,0.20833,0.14583,0.44632,1.97917,0.22313,0.70833,0.37003,0.02083,0.31250,0.85000
adversarial_language_vision_trap,calibrated_debt_threshold,6,48,0.27083,0.16667,0.16667,0.49737,1.81250,0.18958,0.66667,0.32480,0.00000,0.37500,0.85000
adversarial_language_vision_trap,calibrated_debt_threshold,7,48,0.22917,0.10417,0.29167,0.45495,1.89583,0.20729,0.63194,0.30065,0.00000,0.29167,0.85000
adversarial_language_vision_trap,calibrated_debt_threshold,8,48,0.31250,0.12500,0.25000,0.43750,1.81250,0.19208,0.61111,0.27163,0.02083,0.25000,0.85000
adversarial_language_vision_trap,calibrated_debt_threshold,9,48,0.35417,0.27083,0.12500,0.39301,1.89583,0.20604,0.75000,0.36311,0.00000,0.22917,0.85000
adversarial_language_vision_trap,counterfactual_material_filter,0,48,0.45833,0.25000,0.22917,0.26659,1.87500,0.21667,0.69445,0.34185,0.00000,0.00000,0.37526
adversarial_language_vision_trap,counterfactual_material_filter,1,48,0.39583,0.41667,0.10417,0.28685,1.81250,0.20271,0.69445,0.37038,0.02083,0.00000,0.41923
adversarial_language_vision_trap,counterfactual_material_filter,2,48,0.33333,0.35417,0.20833,0.29793,1.95833,0.22771,0.69445,0.30820,0.04167,0.00000,0.46236
adversarial_language_vision_trap,counterfactual_material_filter,3,48,0.31250,0.41667,0.22917,0.30887,1.85417,0.20646,0.64583,0.31634,0.00000,0.00000,0.44346
adversarial_language_vision_trap,counterfactual_material_filter,4,48,0.33333,0.39583,0.16667,0.28247,1.91667,0.22167,0.72222,0.33735,0.00000,0.00000,0.40716
adversarial_language_vision_trap,counterfactual_material_filter,5,48,0.41667,0.33333,0.22917,0.27471,1.93750,0.22208,0.70833,0.36077,0.02083,0.00000,0.42059
adversarial_language_vision_trap,counterfactual_material_filter,6,48,0.31250,0.35417,0.22917,0.29647,1.77083,0.18917,0.65278,0.30666,0.00000,0.00000,0.42915
adversarial_language_vision_trap,counterfactual_material_filter,7,48,0.33333,0.27083,0.33333,0.29714,1.83333,0.21333,0.62500,0.28327,0.00000,0.00000,0.44092
adversarial_language_vision_trap,counterfactual_material_filter,8,48,0.33333,0.22917,0.29167,0.29698,1.75000,0.19542,0.65278,0.29076,0.02083,0.00000,0.40999
adversarial_language_vision_trap,counterfactual_material_filter,9,48,0.39583,0.33333,0.22917,0.27345,1.85417,0.21583,0.75000,0.32992,0.00000,0.00000,0.43337
adversarial_language_vision_trap,grounding_debt_planner_v5,0,48,0.54167,0.20833,0.18750,0.25562,1.87500,0.19104,0.70833,0.38457,0.00000,0.00000,0.37560
adversarial_language_vision_trap,grounding_debt_planner_v5,1,48,0.35417,0.43750,0.12500,0.28417,1.85417,0.18625,0.64583,0.33272,0.04167,0.00000,0.41582
adversarial_language_vision_trap,grounding_debt_planner_v5,2,48,0.31250,0.37500,0.20833,0.30179,1.95833,0.20250,0.68750,0.29327,0.02083,0.00000,0.44161
adversarial_language_vision_trap,grounding_debt_planner_v5,3,48,0.39583,0.33333,0.22917,0.30519,1.87500,0.18854,0.65278,0.32634,0.00000,0.00000,0.44346
adversarial_language_vision_trap,grounding_debt_planner_v5,4,48,0.43750,0.31250,0.16667,0.27219,1.93750,0.20187,0.70833,0.30574,0.00000,0.00000,0.38966
adversarial_language_vision_trap,grounding_debt_planner_v5,5,48,0.50000,0.25000,0.20833,0.26826,1.97917,0.20312,0.75000,0.37593,0.00000,0.00000,0.42810
adversarial_language_vision_trap,grounding_debt_planner_v5,6,48,0.35417,0.33333,0.20833,0.29085,1.83333,0.18000,0.65278,0.32114,0.00000,0.00000,0.43487
adversarial_language_vision_trap,grounding_debt_planner_v5,7,48,0.35417,0.22917,0.31250,0.29509,1.91667,0.19542,0.64583,0.32327,0.00000,0.00000,0.41949
adversarial_language_vision_trap,grounding_debt_planner_v5,8,48,0.33333,0.22917,0.27083,0.29339,1.85417,0.18437,0.61806,0.28875,0.02083,0.00000,0.37127
adversarial_language_vision_trap,grounding_debt_planner_v5,9,48,0.39583,0.29167,0.25000,0.27732,1.91667,0.19625,0.74306,0.37227,0.00000,0.00000,0.42651
adversarial_language_vision_trap,oracle_tactile_upper_bound,0,48,1.00000,0.00000,0.00000,0.01191,0.00000,0.00000,1.00000,0.04000,0.00000,0.00000,0.01659
adversarial_language_vision_trap,oracle_tactile_upper_bound,1,48,1.00000,0.00000,0.00000,0.01321,0.00000,0.00000,1.00000,0.04000,0.00000,0.00000,0.01688
adversarial_language_vision_trap,oracle_tactile_upper_bound,2,48,1.00000,0.00000,0.00000,0.01318,0.00000,0.00000,1.00000,0.04000,0.00000,0.00000,0.01731
adversarial_language_vision_trap,oracle_tactile_upper_bound,3,48,1.00000,0.00000,0.00000,0.01342,0.00000,0.00000,1.00000,0.04000,0.00000,0.00000,0.01694
adversarial_language_vision_trap,oracle_tactile_upper_bound,4,48,1.00000,0.00000,0.00000,0.01345,0.00000,0.00000,1.00000,0.04000,0.00000,0.00000,0.01826
adversarial_language_vision_trap,oracle_tactile_upper_bound,5,48,1.00000,0.00000,0.00000,0.01264,0.00000,0.00000,1.00000,0.04000,0.00000,0.00000,0.01715
adversarial_language_vision_trap,oracle_tactile_upper_bound,6,48,1.00000,0.00000,0.00000,0.01261,0.00000,0.00000,1.00000,0.04000,0.00000,0.00000,0.01688
adversarial_language_vision_trap,oracle_tactile_upper_bound,7,48,1.00000,0.00000,0.00000,0.01320,0.00000,0.00000,1.00000,0.04000,0.00000,0.00000,0.01673
adversarial_language_vision_trap,oracle_tactile_upper_bound,8,48,1.00000,0.00000,0.00000,0.01212,0.00000,0.00000,1.00000,0.04000,0.00000,0.00000,0.01537
adversarial_language_vision_trap,oracle_tactile_upper_bound,9,48,1.00000,0.00000,0.00000,0.01324,0.00000,0.00000,1.00000,0.04000,0.00000,0.00000,0.01795
